hexamer	coding	noncoding
AAAAAA	0.0	0.0
AAAAAC	0.0	0.0
AAAAAG	0.0	0.0
AAAAAT	0.0	0.0
AAAACA	0.038461538461538464	0.0
AAAACC	0.0	0.0
AAAACG	0.0	0.0
AAAACT	0.0	0.0
AAAAGA	0.0	0.0
AAAAGC	0.0	0.0
AAAAGG	0.0	0.0004462293618920125
AAAAGT	0.0	0.0
AAAATA	0.0	0.0
AAAATC	0.0	0.0
AAAATG	0.0	0.0
AAAATT	0.0	0.0
AAACAA	0.0	0.0
AAACAC	0.0	0.0
AAACAG	0.0	0.0004462293618920125
AAACAT	0.0	0.0
AAACCA	0.0	0.0
AAACCC	0.0	0.0004462293618920125
AAACCG	0.0	0.0
AAACCT	0.0	0.0
AAACGA	0.0	0.0
AAACGC	0.0	0.0
AAACGG	0.0	0.0
AAACGT	0.0	0.0
AAACTA	0.0	0.0
AAACTC	0.0	0.0004462293618920125
AAACTG	0.0	0.0
AAACTT	0.0	0.0
AAAGAA	0.0	0.0
AAAGAC	0.0	0.0
AAAGAG	0.0	0.0
AAAGAT	0.0	0.0
AAAGCA	0.0	0.0
AAAGCC	0.0	0.0004462293618920125
AAAGCG	0.0	0.0
AAAGCT	0.0	0.0
AAAGGA	0.0	0.0
AAAGGC	0.0	0.0004462293618920125
AAAGGG	0.0	0.0
AAAGGT	0.0	0.000892458723784025
AAAGTA	0.0	0.0
AAAGTC	0.0	0.0
AAAGTG	0.0	0.0
AAAGTT	0.0	0.0
AAATAA	0.0	0.0004462293618920125
AAATAC	0.0	0.0004462293618920125
AAATAG	0.0	0.0
AAATAT	0.0	0.0
AAATCA	0.0	0.0
AAATCC	0.0	0.0
AAATCG	0.0	0.0
AAATCT	0.0	0.0
AAATGA	0.0	0.0
AAATGC	0.0	0.0
AAATGG	0.0	0.0
AAATGT	0.0	0.0
AAATTA	0.0	0.0
AAATTC	0.0	0.0
AAATTG	0.0	0.0
AAATTT	0.0	0.0
AACAAA	0.0	0.0
AACAAC	0.0	0.0
AACAAG	0.0	0.0
AACAAT	0.0	0.0
AACACA	0.0	0.0
AACACC	0.0	0.0004462293618920125
AACACG	0.0	0.0
AACACT	0.0	0.0
AACAGA	0.0	0.0
AACAGC	0.0	0.0
AACAGG	0.0	0.0
AACAGT	0.0	0.0004462293618920125
AACATA	0.0	0.0
AACATC	0.0	0.0
AACATG	0.0	0.0
AACATT	0.0	0.0
AACCAA	0.0	0.0
AACCAC	0.0	0.0004462293618920125
AACCAG	0.0	0.0004462293618920125
AACCAT	0.0	0.0
AACCCA	0.0	0.0004462293618920125
AACCCC	0.0	0.0004462293618920125
AACCCG	0.0	0.0
AACCCT	0.0	0.0004462293618920125
AACCGA	0.0	0.0
AACCGC	0.0	0.0
AACCGG	0.0	0.0
AACCGT	0.0	0.0
AACCTA	0.0	0.0
AACCTC	0.0	0.0
AACCTG	0.0	0.0
AACCTT	0.0	0.0
AACGAA	0.0	0.0
AACGAC	0.0	0.0
AACGAG	0.0	0.0
AACGAT	0.0	0.0
AACGCA	0.0	0.0
AACGCC	0.0	0.0
AACGCG	0.0	0.0
AACGCT	0.0	0.0
AACGGA	0.0	0.0
AACGGC	0.0	0.0
AACGGG	0.0	0.0
AACGGT	0.0	0.0
AACGTA	0.0	0.0
AACGTC	0.0	0.0004462293618920125
AACGTG	0.0	0.0
AACGTT	0.0	0.0
AACTAA	0.0	0.0
AACTAC	0.0	0.0
AACTAG	0.0	0.0
AACTAT	0.0	0.0
AACTCA	0.0	0.0
AACTCC	0.0	0.0004462293618920125
AACTCG	0.0	0.0
AACTCT	0.0	0.0
AACTGA	0.0	0.0
AACTGC	0.0	0.0
AACTGG	0.0	0.0
AACTGT	0.0	0.0004462293618920125
AACTTA	0.0	0.0
AACTTC	0.0	0.0
AACTTG	0.0	0.0
AACTTT	0.0	0.0
AAGAAA	0.0	0.0
AAGAAC	0.0	0.0
AAGAAG	0.0	0.0004462293618920125
AAGAAT	0.0	0.0
AAGACA	0.0	0.0
AAGACC	0.0	0.0004462293618920125
AAGACG	0.0	0.0004462293618920125
AAGACT	0.0	0.0
AAGAGA	0.0	0.0004462293618920125
AAGAGC	0.0	0.0004462293618920125
AAGAGG	0.0	0.0
AAGAGT	0.0	0.0
AAGATA	0.038461538461538464	0.0
AAGATC	0.0	0.0
AAGATG	0.0	0.0
AAGATT	0.0	0.0
AAGCAA	0.0	0.0
AAGCAC	0.0	0.0004462293618920125
AAGCAG	0.0	0.0004462293618920125
AAGCAT	0.0	0.0
AAGCCA	0.0	0.0
AAGCCC	0.0	0.000892458723784025
AAGCCG	0.0	0.0
AAGCCT	0.0	0.0004462293618920125
AAGCGA	0.0	0.0
AAGCGC	0.0	0.0
AAGCGG	0.0	0.0
AAGCGT	0.0	0.0
AAGCTA	0.0	0.0
AAGCTC	0.0	0.0
AAGCTG	0.0	0.0013386880856760374
AAGCTT	0.0	0.0
AAGGAA	0.0	0.0
AAGGAC	0.0	0.0
AAGGAG	0.0	0.0004462293618920125
AAGGAT	0.0	0.0
AAGGCA	0.0	0.0004462293618920125
AAGGCC	0.0	0.000892458723784025
AAGGCG	0.0	0.0004462293618920125
AAGGCT	0.0	0.0
AAGGGA	0.0	0.0
AAGGGC	0.0	0.0
AAGGGG	0.0	0.0
AAGGGT	0.0	0.0
AAGGTA	0.0	0.0
AAGGTC	0.0	0.0
AAGGTG	0.0	0.0013386880856760374
AAGGTT	0.0	0.0
AAGTAA	0.0	0.0
AAGTAC	0.0	0.0
AAGTAG	0.0	0.0
AAGTAT	0.0	0.0
AAGTCA	0.0	0.0004462293618920125
AAGTCC	0.0	0.0
AAGTCG	0.0	0.0
AAGTCT	0.038461538461538464	0.0
AAGTGA	0.0	0.0
AAGTGC	0.0	0.0
AAGTGG	0.0	0.0
AAGTGT	0.0	0.0
AAGTTA	0.0	0.0
AAGTTC	0.0	0.0004462293618920125
AAGTTG	0.0	0.0
AAGTTT	0.0	0.0
AATAAA	0.0	0.0004462293618920125
AATAAC	0.0	0.0
AATAAG	0.0	0.0
AATAAT	0.0	0.0
AATACA	0.0	0.0
AATACC	0.0	0.0004462293618920125
AATACG	0.0	0.0
AATACT	0.0	0.0
AATAGA	0.0	0.0
AATAGC	0.0	0.0
AATAGG	0.0	0.0
AATAGT	0.0	0.0
AATATA	0.0	0.0
AATATC	0.0	0.0
AATATG	0.0	0.0
AATATT	0.0	0.0
AATCAA	0.0	0.0
AATCAC	0.0	0.0
AATCAG	0.0	0.0
AATCAT	0.0	0.0
AATCCA	0.0	0.0004462293618920125
AATCCC	0.0	0.0
AATCCG	0.0	0.0004462293618920125
AATCCT	0.0	0.0
AATCGA	0.0	0.0
AATCGC	0.0	0.0
AATCGG	0.0	0.0
AATCGT	0.0	0.0
AATCTA	0.0	0.0
AATCTC	0.0	0.0
AATCTG	0.0	0.0
AATCTT	0.0	0.0
AATGAA	0.0	0.0
AATGAC	0.0	0.0
AATGAG	0.0	0.0
AATGAT	0.0	0.0
AATGCA	0.0	0.0
AATGCC	0.0	0.0
AATGCG	0.0	0.0
AATGCT	0.0	0.0
AATGGA	0.0	0.0
AATGGC	0.0	0.0004462293618920125
AATGGG	0.0	0.0
AATGGT	0.0	0.0
AATGTA	0.0	0.0
AATGTC	0.0	0.0
AATGTG	0.0	0.0
AATGTT	0.0	0.0
AATTAA	0.0	0.0
AATTAC	0.0	0.0
AATTAG	0.0	0.0
AATTAT	0.0	0.0
AATTCA	0.0	0.0
AATTCC	0.0	0.0
AATTCG	0.0	0.0
AATTCT	0.0	0.0
AATTGA	0.0	0.0
AATTGC	0.0	0.0
AATTGG	0.0	0.0
AATTGT	0.0	0.0
AATTTA	0.0	0.0
AATTTC	0.0	0.0
AATTTG	0.0	0.0
AATTTT	0.0	0.0004462293618920125
ACAAAA	0.0	0.0
ACAAAC	0.0	0.0
ACAAAG	0.0	0.0
ACAAAT	0.0	0.0
ACAACA	0.0	0.0
ACAACC	0.0	0.0
ACAACG	0.0	0.0
ACAACT	0.0	0.0
ACAAGA	0.0	0.0
ACAAGC	0.0	0.0
ACAAGG	0.0	0.0
ACAAGT	0.0	0.000892458723784025
ACAATA	0.0	0.0
ACAATC	0.0	0.0
ACAATG	0.0	0.0
ACAATT	0.038461538461538464	0.0
ACACAA	0.0	0.0
ACACAC	0.0	0.0
ACACAG	0.0	0.0
ACACAT	0.0	0.0
ACACCA	0.0	0.0004462293618920125
ACACCC	0.0	0.0
ACACCG	0.0	0.0
ACACCT	0.0	0.0004462293618920125
ACACGA	0.0	0.0004462293618920125
ACACGC	0.0	0.0
ACACGG	0.0	0.0
ACACGT	0.0	0.0
ACACTA	0.0	0.0
ACACTC	0.0	0.0004462293618920125
ACACTG	0.0	0.0
ACACTT	0.0	0.0
ACAGAA	0.0	0.0
ACAGAC	0.0	0.0
ACAGAG	0.038461538461538464	0.0004462293618920125
ACAGAT	0.0	0.0
ACAGCA	0.0	0.0
ACAGCC	0.0	0.000892458723784025
ACAGCG	0.0	0.0
ACAGCT	0.0	0.0
ACAGGA	0.0	0.0
ACAGGC	0.0	0.0004462293618920125
ACAGGG	0.0	0.0
ACAGGT	0.0	0.0
ACAGTA	0.0	0.0
ACAGTC	0.0	0.0
ACAGTG	0.0	0.0004462293618920125
ACAGTT	0.0	0.0
ACATAA	0.0	0.0
ACATAC	0.0	0.0
ACATAG	0.0	0.0
ACATAT	0.0	0.0
ACATCA	0.0	0.0
ACATCC	0.0	0.0
ACATCG	0.0	0.0004462293618920125
ACATCT	0.0	0.0
ACATGA	0.0	0.0
ACATGC	0.0	0.0
ACATGG	0.0	0.0
ACATGT	0.0	0.0
ACATTA	0.0	0.0
ACATTC	0.0	0.0
ACATTG	0.0	0.0
ACATTT	0.0	0.0
ACCAAA	0.0	0.0
ACCAAC	0.0	0.0
ACCAAG	0.0	0.0
ACCAAT	0.0	0.0
ACCACA	0.0	0.0004462293618920125
ACCACC	0.0	0.0004462293618920125
ACCACG	0.0	0.0004462293618920125
ACCACT	0.0	0.0
ACCAGA	0.0	0.0
ACCAGC	0.0	0.0
ACCAGG	0.0	0.0004462293618920125
ACCAGT	0.0	0.0
ACCATA	0.0	0.0004462293618920125
ACCATC	0.0	0.0
ACCATG	0.0	0.0013386880856760374
ACCATT	0.0	0.0
ACCCAA	0.0	0.0
ACCCAC	0.0	0.0004462293618920125
ACCCAG	0.0	0.000892458723784025
ACCCAT	0.0	0.0
ACCCCA	0.0	0.000892458723784025
ACCCCC	0.0	0.0004462293618920125
ACCCCG	0.0	0.0004462293618920125
ACCCCT	0.0	0.000892458723784025
ACCCGA	0.0	0.0
ACCCGC	0.0	0.0004462293618920125
ACCCGG	0.0	0.0013386880856760374
ACCCGT	0.0	0.0
ACCCTA	0.0	0.0
ACCCTC	0.0	0.000892458723784025
ACCCTG	0.0	0.000892458723784025
ACCCTT	0.0	0.0004462293618920125
ACCGAA	0.0	0.0
ACCGAC	0.0	0.0
ACCGAG	0.0	0.0004462293618920125
ACCGAT	0.0	0.0
ACCGCA	0.0	0.0004462293618920125
ACCGCC	0.0	0.0
ACCGCG	0.0	0.0
ACCGCT	0.0	0.0004462293618920125
ACCGGA	0.0	0.0
ACCGGC	0.0	0.0
ACCGGG	0.0	0.0004462293618920125
ACCGGT	0.0	0.0
ACCGTA	0.0	0.0
ACCGTC	0.0	0.0
ACCGTG	0.0	0.0
ACCGTT	0.0	0.0
ACCTAA	0.0	0.0004462293618920125
ACCTAC	0.0	0.000892458723784025
ACCTAG	0.0	0.0
ACCTAT	0.0	0.0
ACCTCA	0.0	0.0
ACCTCC	0.0	0.0013386880856760374
ACCTCG	0.0	0.0
ACCTCT	0.0	0.0004462293618920125
ACCTGA	0.0	0.00178491744756805
ACCTGC	0.0	0.0004462293618920125
ACCTGG	0.0	0.0004462293618920125
ACCTGT	0.0	0.0004462293618920125
ACCTTA	0.0	0.0
ACCTTC	0.0	0.000892458723784025
ACCTTG	0.0	0.0004462293618920125
ACCTTT	0.0	0.0
ACGAAA	0.0	0.0
ACGAAC	0.0	0.0
ACGAAG	0.0	0.0004462293618920125
ACGAAT	0.0	0.0
ACGACA	0.0	0.0004462293618920125
ACGACC	0.0	0.0004462293618920125
ACGACG	0.0	0.0
ACGACT	0.0	0.0
ACGAGA	0.0	0.0
ACGAGC	0.0	0.0
ACGAGG	0.0	0.0004462293618920125
ACGAGT	0.0	0.0004462293618920125
ACGATA	0.0	0.0
ACGATC	0.0	0.0
ACGATG	0.0	0.0
ACGATT	0.0	0.0
ACGCAA	0.0	0.0
ACGCAC	0.0	0.0
ACGCAG	0.0	0.0004462293618920125
ACGCAT	0.0	0.0
ACGCCA	0.0	0.0
ACGCCC	0.0	0.0
ACGCCG	0.0	0.0
ACGCCT	0.0	0.0
ACGCGA	0.0	0.0004462293618920125
ACGCGC	0.0	0.0013386880856760374
ACGCGG	0.0	0.0
ACGCGT	0.0	0.0004462293618920125
ACGCTA	0.0	0.0
ACGCTC	0.0	0.0
ACGCTG	0.0	0.0
ACGCTT	0.0	0.0
ACGGAA	0.0	0.0
ACGGAC	0.0	0.0
ACGGAG	0.0	0.0
ACGGAT	0.0	0.0
ACGGCA	0.0	0.0
ACGGCC	0.0	0.000892458723784025
ACGGCG	0.0	0.0
ACGGCT	0.0	0.0
ACGGGA	0.0	0.0
ACGGGC	0.0	0.0
ACGGGG	0.0	0.000892458723784025
ACGGGT	0.0	0.0
ACGGTA	0.0	0.0
ACGGTC	0.0	0.0
ACGGTG	0.0	0.0
ACGGTT	0.0	0.0
ACGTAA	0.0	0.0
ACGTAC	0.0	0.0
ACGTAG	0.0	0.0
ACGTAT	0.0	0.0
ACGTCA	0.0	0.0
ACGTCC	0.0	0.0
ACGTCG	0.0	0.000892458723784025
ACGTCT	0.0	0.0
ACGTGA	0.0	0.0
ACGTGC	0.0	0.0
ACGTGG	0.0	0.0
ACGTGT	0.0	0.0
ACGTTA	0.0	0.0004462293618920125
ACGTTC	0.0	0.0004462293618920125
ACGTTG	0.0	0.0
ACGTTT	0.0	0.0
ACTAAA	0.0	0.0004462293618920125
ACTAAC	0.0	0.0
ACTAAG	0.0	0.0
ACTAAT	0.0	0.0
ACTACA	0.0	0.0
ACTACC	0.0	0.0004462293618920125
ACTACG	0.0	0.0
ACTACT	0.0	0.0
ACTAGA	0.0	0.0
ACTAGC	0.0	0.0
ACTAGG	0.0	0.0
ACTAGT	0.0	0.0
ACTATA	0.0	0.0
ACTATC	0.0	0.0
ACTATG	0.0	0.0
ACTATT	0.0	0.0
ACTCAA	0.0	0.0
ACTCAC	0.0	0.0004462293618920125
ACTCAG	0.0	0.0
ACTCAT	0.0	0.0
ACTCCA	0.0	0.0004462293618920125
ACTCCC	0.0	0.0
ACTCCG	0.0	0.0
ACTCCT	0.0	0.000892458723784025
ACTCGA	0.0	0.0
ACTCGC	0.0	0.0
ACTCGG	0.0	0.0
ACTCGT	0.0	0.0
ACTCTA	0.0	0.0
ACTCTC	0.0	0.0
ACTCTG	0.0	0.0
ACTCTT	0.0	0.0
ACTGAA	0.0	0.0
ACTGAC	0.0	0.0
ACTGAG	0.0	0.0
ACTGAT	0.0	0.0
ACTGCA	0.0	0.0004462293618920125
ACTGCC	0.0	0.0004462293618920125
ACTGCG	0.0	0.0
ACTGCT	0.0	0.0
ACTGGA	0.0	0.0
ACTGGC	0.0	0.0
ACTGGG	0.0	0.0
ACTGGT	0.0	0.0
ACTGTA	0.0	0.0
ACTGTC	0.0	0.0
ACTGTG	0.0	0.000892458723784025
ACTGTT	0.0	0.0
ACTTAA	0.0	0.0
ACTTAC	0.0	0.0
ACTTAG	0.0	0.0
ACTTAT	0.0	0.0
ACTTCA	0.0	0.0004462293618920125
ACTTCC	0.0	0.0
ACTTCG	0.0	0.0
ACTTCT	0.0	0.0004462293618920125
ACTTGA	0.0	0.0
ACTTGC	0.0	0.0
ACTTGG	0.0	0.0
ACTTGT	0.0	0.0
ACTTTA	0.0	0.0
ACTTTC	0.0	0.0
ACTTTG	0.0	0.0004462293618920125
ACTTTT	0.0	0.0
AGAAAA	0.0	0.0004462293618920125
AGAAAC	0.0	0.0
AGAAAG	0.0	0.0
AGAAAT	0.0	0.0
AGAACA	0.0	0.0
AGAACC	0.0	0.0
AGAACG	0.0	0.0
AGAACT	0.0	0.0
AGAAGA	0.0	0.0
AGAAGC	0.0	0.0004462293618920125
AGAAGG	0.0	0.0004462293618920125
AGAAGT	0.0	0.0
AGAATA	0.0	0.0
AGAATC	0.0	0.0
AGAATG	0.0	0.0
AGAATT	0.0	0.0
AGACAA	0.0	0.0
AGACAC	0.0	0.0004462293618920125
AGACAG	0.0	0.0
AGACAT	0.0	0.0
AGACCA	0.0	0.0
AGACCC	0.0	0.000892458723784025
AGACCG	0.0	0.0
AGACCT	0.0	0.0004462293618920125
AGACGA	0.0	0.0
AGACGC	0.0	0.0004462293618920125
AGACGG	0.0	0.0004462293618920125
AGACGT	0.0	0.0
AGACTA	0.0	0.0004462293618920125
AGACTC	0.0	0.0
AGACTG	0.0	0.0
AGACTT	0.0	0.0004462293618920125
AGAGAA	0.0	0.0004462293618920125
AGAGAC	0.0	0.000892458723784025
AGAGAG	0.0	0.0
AGAGAT	0.0	0.0
AGAGCA	0.0	0.0004462293618920125
AGAGCC	0.0	0.00178491744756805
AGAGCG	0.0	0.0
AGAGCT	0.0	0.0004462293618920125
AGAGGA	0.0	0.00178491744756805
AGAGGC	0.0	0.0004462293618920125
AGAGGG	0.0	0.0013386880856760374
AGAGGT	0.0	0.0
AGAGTA	0.0	0.0
AGAGTC	0.0	0.0004462293618920125
AGAGTG	0.0	0.0
AGAGTT	0.0	0.0
AGATAA	0.0	0.0
AGATAC	0.0	0.0
AGATAG	0.0	0.0
AGATAT	0.0	0.0
AGATCA	0.0	0.0
AGATCC	0.0	0.0
AGATCG	0.0	0.0
AGATCT	0.0	0.0
AGATGA	0.0	0.0
AGATGC	0.0	0.0
AGATGG	0.0	0.0
AGATGT	0.0	0.0
AGATTA	0.0	0.0
AGATTC	0.0	0.0004462293618920125
AGATTG	0.0	0.0004462293618920125
AGATTT	0.0	0.0
AGCAAA	0.0	0.0004462293618920125
AGCAAC	0.0	0.0004462293618920125
AGCAAG	0.0	0.0004462293618920125
AGCAAT	0.0	0.0
AGCACA	0.0	0.0
AGCACC	0.0	0.0004462293618920125
AGCACG	0.0	0.0
AGCACT	0.0	0.0
AGCAGA	0.0	0.0
AGCAGC	0.0	0.0013386880856760374
AGCAGG	0.0	0.000892458723784025
AGCAGT	0.0	0.0
AGCATA	0.0	0.0
AGCATC	0.0	0.0
AGCATG	0.038461538461538464	0.0
AGCATT	0.0	0.0
AGCCAA	0.0	0.0
AGCCAC	0.0	0.00178491744756805
AGCCAG	0.0	0.0
AGCCAT	0.0	0.0
AGCCCA	0.0	0.0022311468094600626
AGCCCC	0.0	0.0022311468094600626
AGCCCG	0.0	0.0
AGCCCT	0.0	0.000892458723784025
AGCCGA	0.0	0.0
AGCCGC	0.0	0.0
AGCCGG	0.0	0.0
AGCCGT	0.0	0.0
AGCCTA	0.0	0.0
AGCCTC	0.0	0.000892458723784025
AGCCTG	0.0	0.000892458723784025
AGCCTT	0.0	0.0013386880856760374
AGCGAA	0.0	0.0
AGCGAC	0.0	0.0
AGCGAG	0.0	0.0004462293618920125
AGCGAT	0.0	0.0
AGCGCA	0.0	0.0004462293618920125
AGCGCC	0.0	0.0004462293618920125
AGCGCG	0.0	0.000892458723784025
AGCGCT	0.0	0.0004462293618920125
AGCGGA	0.0	0.0
AGCGGC	0.0	0.0004462293618920125
AGCGGG	0.0	0.0004462293618920125
AGCGGT	0.0	0.0004462293618920125
AGCGTA	0.0	0.0
AGCGTC	0.0	0.0
AGCGTG	0.0	0.0
AGCGTT	0.0	0.0
AGCTAA	0.0	0.0
AGCTAC	0.0	0.0
AGCTAG	0.0	0.0
AGCTAT	0.0	0.0
AGCTCA	0.0	0.0004462293618920125
AGCTCC	0.0	0.0004462293618920125
AGCTCG	0.0	0.0
AGCTCT	0.0	0.0004462293618920125
AGCTGA	0.0	0.0004462293618920125
AGCTGC	0.0	0.0022311468094600626
AGCTGG	0.0	0.0013386880856760374
AGCTGT	0.0	0.0004462293618920125
AGCTTA	0.0	0.0
AGCTTC	0.0	0.0004462293618920125
AGCTTG	0.0	0.0
AGCTTT	0.0	0.0
AGGAAA	0.0	0.0
AGGAAC	0.0	0.0
AGGAAG	0.0	0.0013386880856760374
AGGAAT	0.0	0.0
AGGACA	0.0	0.0
AGGACC	0.0	0.000892458723784025
AGGACG	0.0	0.0004462293618920125
AGGACT	0.0	0.0
AGGAGA	0.0	0.0
AGGAGC	0.0	0.0004462293618920125
AGGAGG	0.0	0.0031236055332440876
AGGAGT	0.0	0.0
AGGATA	0.0	0.0
AGGATC	0.0	0.0
AGGATG	0.0	0.000892458723784025
AGGATT	0.0	0.0
AGGCAA	0.0	0.0
AGGCAC	0.0	0.0004462293618920125
AGGCAG	0.0	0.0013386880856760374
AGGCAT	0.0	0.0004462293618920125
AGGCCA	0.0	0.000892458723784025
AGGCCC	0.0	0.0013386880856760374
AGGCCG	0.0	0.000892458723784025
AGGCCT	0.0	0.0004462293618920125
AGGCGA	0.0	0.000892458723784025
AGGCGC	0.0	0.0013386880856760374
AGGCGG	0.0	0.0
AGGCGT	0.0	0.0004462293618920125
AGGCTA	0.0	0.0
AGGCTC	0.0	0.000892458723784025
AGGCTG	0.0	0.000892458723784025
AGGCTT	0.0	0.0
AGGGAA	0.0	0.0004462293618920125
AGGGAC	0.0	0.0
AGGGAG	0.0	0.00178491744756805
AGGGAT	0.0	0.0004462293618920125
AGGGCA	0.0	0.0004462293618920125
AGGGCC	0.0	0.0013386880856760374
AGGGCG	0.0	0.000892458723784025
AGGGCT	0.0	0.0
AGGGGA	0.0	0.0004462293618920125
AGGGGC	0.0	0.0004462293618920125
AGGGGG	0.0	0.0
AGGGGT	0.0	0.0
AGGGTA	0.0	0.0004462293618920125
AGGGTC	0.0	0.0
AGGGTG	0.0	0.0004462293618920125
AGGGTT	0.0	0.0
AGGTAA	0.0	0.0
AGGTAC	0.0	0.0
AGGTAG	0.0	0.0004462293618920125
AGGTAT	0.0	0.0004462293618920125
AGGTCA	0.0	0.0004462293618920125
AGGTCC	0.0	0.0
AGGTCG	0.0	0.0
AGGTCT	0.0	0.0
AGGTGA	0.0	0.000892458723784025
AGGTGC	0.0	0.0013386880856760374
AGGTGG	0.0	0.0004462293618920125
AGGTGT	0.0	0.0004462293618920125
AGGTTA	0.0	0.0
AGGTTC	0.0	0.0
AGGTTG	0.0	0.0
AGGTTT	0.038461538461538464	0.0
AGTAAA	0.0	0.0004462293618920125
AGTAAC	0.0	0.0
AGTAAG	0.0	0.0
AGTAAT	0.0	0.0
AGTACA	0.0	0.0
AGTACC	0.0	0.0004462293618920125
AGTACG	0.0	0.0
AGTACT	0.0	0.0
AGTAGA	0.0	0.0004462293618920125
AGTAGC	0.0	0.0
AGTAGG	0.0	0.0
AGTAGT	0.0	0.0
AGTATA	0.0	0.0
AGTATC	0.0	0.0
AGTATG	0.0	0.0
AGTATT	0.0	0.0
AGTCAA	0.0	0.0
AGTCAC	0.0	0.0
AGTCAG	0.038461538461538464	0.0004462293618920125
AGTCAT	0.0	0.0
AGTCCA	0.0	0.0004462293618920125
AGTCCC	0.0	0.000892458723784025
AGTCCG	0.0	0.0
AGTCCT	0.0	0.0004462293618920125
AGTCGA	0.0	0.0
AGTCGC	0.0	0.0
AGTCGG	0.0	0.0
AGTCGT	0.0	0.0
AGTCTA	0.0	0.0004462293618920125
AGTCTC	0.0	0.0004462293618920125
AGTCTG	0.0	0.0
AGTCTT	0.0	0.0
AGTGAA	0.0	0.000892458723784025
AGTGAC	0.0	0.0
AGTGAG	0.0	0.0004462293618920125
AGTGAT	0.0	0.0
AGTGCA	0.0	0.0
AGTGCC	0.0	0.0004462293618920125
AGTGCG	0.0	0.0
AGTGCT	0.0	0.0004462293618920125
AGTGGA	0.0	0.0004462293618920125
AGTGGC	0.0	0.0004462293618920125
AGTGGG	0.0	0.0004462293618920125
AGTGGT	0.0	0.0
AGTGTA	0.0	0.0
AGTGTC	0.0	0.0
AGTGTG	0.0	0.0
AGTGTT	0.0	0.0
AGTTAA	0.0	0.0
AGTTAC	0.0	0.0
AGTTAG	0.0	0.0
AGTTAT	0.0	0.0
AGTTCA	0.0	0.0
AGTTCC	0.0	0.0004462293618920125
AGTTCG	0.0	0.0
AGTTCT	0.0	0.0004462293618920125
AGTTGA	0.0	0.0
AGTTGC	0.0	0.0
AGTTGG	0.0	0.0004462293618920125
AGTTGT	0.0	0.0
AGTTTA	0.0	0.0
AGTTTC	0.0	0.0
AGTTTG	0.0	0.0
AGTTTT	0.0	0.0
ATAAAA	0.0	0.0
ATAAAC	0.0	0.000892458723784025
ATAAAG	0.0	0.0
ATAAAT	0.0	0.0
ATAACA	0.0	0.0
ATAACC	0.0	0.0
ATAACG	0.0	0.0
ATAACT	0.0	0.0
ATAAGA	0.0	0.0
ATAAGC	0.0	0.0
ATAAGG	0.0	0.0
ATAAGT	0.0	0.0
ATAATA	0.0	0.0
ATAATC	0.0	0.0
ATAATG	0.0	0.0
ATAATT	0.0	0.0
ATACAA	0.0	0.0
ATACAC	0.0	0.0
ATACAG	0.0	0.0
ATACAT	0.0	0.0
ATACCA	0.0	0.0004462293618920125
ATACCC	0.0	0.0
ATACCG	0.0	0.0
ATACCT	0.0	0.0
ATACGA	0.0	0.0
ATACGC	0.0	0.0
ATACGG	0.0	0.0
ATACGT	0.0	0.0
ATACTA	0.0	0.0
ATACTC	0.0	0.0
ATACTG	0.0	0.0
ATACTT	0.0	0.0
ATAGAA	0.0	0.0
ATAGAC	0.0	0.0
ATAGAG	0.0	0.0
ATAGAT	0.0	0.0
ATAGCA	0.0	0.0
ATAGCC	0.0	0.0
ATAGCG	0.0	0.0
ATAGCT	0.038461538461538464	0.0
ATAGGA	0.0	0.0
ATAGGC	0.0	0.0
ATAGGG	0.0	0.0
ATAGGT	0.0	0.0
ATAGTA	0.0	0.0
ATAGTC	0.0	0.0
ATAGTG	0.0	0.0004462293618920125
ATAGTT	0.0	0.0
ATATAA	0.0	0.0
ATATAC	0.0	0.0
ATATAG	0.0	0.0004462293618920125
ATATAT	0.0	0.0
ATATCA	0.0	0.0
ATATCC	0.0	0.0
ATATCG	0.0	0.0
ATATCT	0.0	0.0
ATATGA	0.0	0.0
ATATGC	0.0	0.0
ATATGG	0.0	0.0
ATATGT	0.0	0.0
ATATTA	0.0	0.0
ATATTC	0.0	0.0
ATATTG	0.0	0.0
ATATTT	0.0	0.0
ATCAAA	0.0	0.0
ATCAAC	0.0	0.0
ATCAAG	0.0	0.0
ATCAAT	0.0	0.0004462293618920125
ATCACA	0.0	0.0
ATCACC	0.0	0.0
ATCACG	0.0	0.0
ATCACT	0.0	0.0
ATCAGA	0.0	0.0
ATCAGC	0.0	0.0
ATCAGG	0.0	0.0004462293618920125
ATCAGT	0.0	0.0
ATCATA	0.0	0.0
ATCATC	0.0	0.0004462293618920125
ATCATG	0.0	0.0
ATCATT	0.0	0.0
ATCCAA	0.0	0.0
ATCCAC	0.0	0.0
ATCCAG	0.0	0.0004462293618920125
ATCCAT	0.0	0.0004462293618920125
ATCCCA	0.0	0.0004462293618920125
ATCCCC	0.0	0.000892458723784025
ATCCCG	0.0	0.0
ATCCCT	0.0	0.0
ATCCGA	0.0	0.0
ATCCGC	0.0	0.0
ATCCGG	0.0	0.0004462293618920125
ATCCGT	0.0	0.0
ATCCTA	0.0	0.0
ATCCTC	0.0	0.0004462293618920125
ATCCTG	0.0	0.0
ATCCTT	0.0	0.0
ATCGAA	0.0	0.0
ATCGAC	0.0	0.0
ATCGAG	0.0	0.0
ATCGAT	0.0	0.0
ATCGCA	0.0	0.0
ATCGCC	0.0	0.0
ATCGCG	0.0	0.0
ATCGCT	0.0	0.000892458723784025
ATCGGA	0.0	0.0
ATCGGC	0.0	0.000892458723784025
ATCGGG	0.0	0.0
ATCGGT	0.0	0.0
ATCGTA	0.0	0.0
ATCGTC	0.0	0.0
ATCGTG	0.0	0.0
ATCGTT	0.0	0.0
ATCTAA	0.0	0.0
ATCTAC	0.0	0.0
ATCTAG	0.0	0.0
ATCTAT	0.0	0.0
ATCTCA	0.0	0.0
ATCTCC	0.0	0.0004462293618920125
ATCTCG	0.0	0.0004462293618920125
ATCTCT	0.0	0.0
ATCTGA	0.0	0.0
ATCTGC	0.0	0.0
ATCTGG	0.0	0.0
ATCTGT	0.0	0.0
ATCTTA	0.0	0.0
ATCTTC	0.0	0.0
ATCTTG	0.0	0.0
ATCTTT	0.0	0.0
ATGAAA	0.0	0.0
ATGAAC	0.0	0.0
ATGAAG	0.0	0.0
ATGAAT	0.0	0.0
ATGACA	0.0	0.0
ATGACC	0.0	0.0
ATGACG	0.0	0.0
ATGACT	0.0	0.0
ATGAGA	0.0	0.0004462293618920125
ATGAGC	0.0	0.0004462293618920125
ATGAGG	0.0	0.000892458723784025
ATGAGT	0.0	0.0
ATGATA	0.0	0.0
ATGATC	0.0	0.0
ATGATG	0.0	0.0
ATGATT	0.0	0.0
ATGCAA	0.0	0.0
ATGCAC	0.0	0.0
ATGCAG	0.0	0.0
ATGCAT	0.0	0.0
ATGCCA	0.0	0.0004462293618920125
ATGCCC	0.0	0.0004462293618920125
ATGCCG	0.0	0.0
ATGCCT	0.0	0.0004462293618920125
ATGCGA	0.0	0.0
ATGCGC	0.0	0.0
ATGCGG	0.0	0.0
ATGCGT	0.0	0.0
ATGCTA	0.0	0.0
ATGCTC	0.0	0.0
ATGCTG	0.0	0.0
ATGCTT	0.0	0.0
ATGGAA	0.0	0.0
ATGGAC	0.0	0.0004462293618920125
ATGGAG	0.0	0.0
ATGGAT	0.0	0.0004462293618920125
ATGGCA	0.0	0.0
ATGGCC	0.0	0.0004462293618920125
ATGGCG	0.0	0.0004462293618920125
ATGGCT	0.0	0.0004462293618920125
ATGGGA	0.0	0.0
ATGGGC	0.0	0.0004462293618920125
ATGGGG	0.0	0.0
ATGGGT	0.0	0.0004462293618920125
ATGGTA	0.0	0.0
ATGGTC	0.0	0.000892458723784025
ATGGTG	0.0	0.0
ATGGTT	0.0	0.0
ATGTAA	0.0	0.0
ATGTAC	0.0	0.0
ATGTAG	0.0	0.0
ATGTAT	0.0	0.0
ATGTCA	0.0	0.0
ATGTCC	0.0	0.0
ATGTCG	0.0	0.0
ATGTCT	0.0	0.0
ATGTGA	0.0	0.0
ATGTGC	0.0	0.0
ATGTGG	0.0	0.0004462293618920125
ATGTGT	0.0	0.0004462293618920125
ATGTTA	0.038461538461538464	0.0
ATGTTC	0.0	0.0
ATGTTG	0.0	0.0
ATGTTT	0.0	0.0
ATTAAA	0.0	0.0
ATTAAC	0.0	0.0
ATTAAG	0.038461538461538464	0.0
ATTAAT	0.0	0.0
ATTACA	0.0	0.0
ATTACC	0.0	0.0
ATTACG	0.0	0.0
ATTACT	0.0	0.0
ATTAGA	0.0	0.0
ATTAGC	0.0	0.0
ATTAGG	0.0	0.0
ATTAGT	0.0	0.0
ATTATA	0.0	0.0
ATTATC	0.0	0.0
ATTATG	0.0	0.0
ATTATT	0.0	0.0
ATTCAA	0.0	0.0
ATTCAC	0.0	0.0
ATTCAG	0.0	0.0004462293618920125
ATTCAT	0.0	0.0
ATTCCA	0.0	0.0
ATTCCC	0.0	0.000892458723784025
ATTCCG	0.0	0.0
ATTCCT	0.0	0.0
ATTCGA	0.0	0.0
ATTCGC	0.0	0.0
ATTCGG	0.0	0.0
ATTCGT	0.0	0.0
ATTCTA	0.0	0.0
ATTCTC	0.0	0.0
ATTCTG	0.0	0.0
ATTCTT	0.0	0.0
ATTGAA	0.0	0.0
ATTGAC	0.0	0.0
ATTGAG	0.0	0.0004462293618920125
ATTGAT	0.0	0.0
ATTGCA	0.0	0.0004462293618920125
ATTGCC	0.0	0.0
ATTGCG	0.0	0.0
ATTGCT	0.0	0.0
ATTGGA	0.0	0.0
ATTGGC	0.0	0.0004462293618920125
ATTGGG	0.0	0.0
ATTGGT	0.0	0.0
ATTGTA	0.0	0.0
ATTGTC	0.0	0.0
ATTGTG	0.0	0.0
ATTGTT	0.0	0.0
ATTTAA	0.0	0.0
ATTTAC	0.0	0.0
ATTTAG	0.0	0.0
ATTTAT	0.0	0.0
ATTTCA	0.0	0.0
ATTTCC	0.0	0.0
ATTTCG	0.0	0.0
ATTTCT	0.0	0.0
ATTTGA	0.0	0.0
ATTTGC	0.0	0.0004462293618920125
ATTTGG	0.0	0.0
ATTTGT	0.0	0.0
ATTTTA	0.0	0.0
ATTTTC	0.0	0.0
ATTTTG	0.0	0.0004462293618920125
ATTTTT	0.0	0.0004462293618920125
CAAAAA	0.0	0.0
CAAAAC	0.0	0.0
CAAAAG	0.0	0.0
CAAAAT	0.0	0.0
CAAACA	0.0	0.0
CAAACC	0.0	0.0004462293618920125
CAAACG	0.0	0.0
CAAACT	0.0	0.0
CAAAGA	0.0	0.0
CAAAGC	0.0	0.0
CAAAGG	0.0	0.0004462293618920125
CAAAGT	0.0	0.0
CAAATA	0.0	0.0004462293618920125
CAAATC	0.0	0.0
CAAATG	0.0	0.0
CAAATT	0.0	0.0
CAACAA	0.0	0.0
CAACAC	0.0	0.0
CAACAG	0.0	0.0
CAACAT	0.0	0.0
CAACCA	0.0	0.0
CAACCC	0.0	0.0004462293618920125
CAACCG	0.0	0.0
CAACCT	0.0	0.0
CAACGA	0.0	0.0
CAACGC	0.0	0.0
CAACGG	0.0	0.0
CAACGT	0.0	0.0004462293618920125
CAACTA	0.038461538461538464	0.0
CAACTC	0.0	0.0
CAACTG	0.0	0.0
CAACTT	0.0	0.0
CAAGAA	0.0	0.0
CAAGAC	0.0	0.0
CAAGAG	0.0	0.0
CAAGAT	0.0	0.0
CAAGCA	0.0	0.0004462293618920125
CAAGCC	0.0	0.0004462293618920125
CAAGCG	0.0	0.0
CAAGCT	0.0	0.0004462293618920125
CAAGGA	0.0	0.0
CAAGGC	0.0	0.0004462293618920125
CAAGGG	0.0	0.0
CAAGGT	0.0	0.0
CAAGTA	0.0	0.0
CAAGTC	0.0	0.0004462293618920125
CAAGTG	0.0	0.0
CAAGTT	0.0	0.0004462293618920125
CAATAA	0.0	0.0
CAATAC	0.0	0.0
CAATAG	0.0	0.0
CAATAT	0.0	0.0
CAATCA	0.0	0.0
CAATCC	0.0	0.000892458723784025
CAATCG	0.0	0.0
CAATCT	0.0	0.0
CAATGA	0.0	0.0
CAATGC	0.0	0.0
CAATGG	0.0	0.0004462293618920125
CAATGT	0.0	0.0
CAATTA	0.0	0.0
CAATTC	0.0	0.0
CAATTG	0.0	0.0
CAATTT	0.0	0.0004462293618920125
CACAAA	0.0	0.0
CACAAC	0.0	0.0
CACAAG	0.0	0.0004462293618920125
CACAAT	0.0	0.0
CACACA	0.0	0.0
CACACC	0.0	0.0
CACACG	0.0	0.0
CACACT	0.0	0.0004462293618920125
CACAGA	0.0	0.0
CACAGC	0.0	0.000892458723784025
CACAGG	0.0	0.0
CACAGT	0.0	0.0
CACATA	0.0	0.0
CACATC	0.0	0.0004462293618920125
CACATG	0.0	0.0
CACATT	0.0	0.0
CACCAA	0.0	0.0
CACCAC	0.0	0.0004462293618920125
CACCAG	0.0	0.0
CACCAT	0.0	0.0013386880856760374
CACCCA	0.0	0.0004462293618920125
CACCCC	0.0	0.0004462293618920125
CACCCG	0.0	0.0004462293618920125
CACCCT	0.0	0.0013386880856760374
CACCGA	0.0	0.0004462293618920125
CACCGC	0.0	0.0004462293618920125
CACCGG	0.0	0.0
CACCGT	0.0	0.0
CACCTA	0.0	0.0004462293618920125
CACCTC	0.0	0.0013386880856760374
CACCTG	0.0	0.00178491744756805
CACCTT	0.0	0.0004462293618920125
CACGAA	0.0	0.0004462293618920125
CACGAC	0.0	0.0004462293618920125
CACGAG	0.0	0.0
CACGAT	0.0	0.0
CACGCA	0.0	0.0
CACGCC	0.0	0.0
CACGCG	0.0	0.000892458723784025
CACGCT	0.0	0.0
CACGGA	0.0	0.0
CACGGC	0.0	0.0004462293618920125
CACGGG	0.0	0.0004462293618920125
CACGGT	0.0	0.0
CACGTA	0.0	0.0
CACGTC	0.0	0.0004462293618920125
CACGTG	0.0	0.0
CACGTT	0.0	0.000892458723784025
CACTAA	0.0	0.0
CACTAC	0.0	0.0004462293618920125
CACTAG	0.0	0.0
CACTAT	0.0	0.0
CACTCA	0.0	0.0004462293618920125
CACTCC	0.0	0.000892458723784025
CACTCG	0.0	0.0
CACTCT	0.0	0.0
CACTGA	0.0	0.0
CACTGC	0.0	0.000892458723784025
CACTGG	0.0	0.0
CACTGT	0.0	0.0
CACTTA	0.0	0.0
CACTTC	0.0	0.0
CACTTG	0.0	0.0
CACTTT	0.0	0.0004462293618920125
CAGAAA	0.0	0.0
CAGAAC	0.0	0.0
CAGAAG	0.0	0.000892458723784025
CAGAAT	0.0	0.0
CAGACA	0.0	0.0
CAGACC	0.0	0.0
CAGACG	0.0	0.0
CAGACT	0.0	0.0
CAGAGA	0.0	0.0
CAGAGC	0.0	0.00178491744756805
CAGAGG	0.0	0.00178491744756805
CAGAGT	0.0	0.0004462293618920125
CAGATA	0.0	0.0
CAGATC	0.0	0.0
CAGATG	0.0	0.0
CAGATT	0.0	0.0004462293618920125
CAGCAA	0.0	0.000892458723784025
CAGCAC	0.0	0.0
CAGCAG	0.0	0.000892458723784025
CAGCAT	0.0	0.0
CAGCCA	0.0	0.0004462293618920125
CAGCCC	0.0	0.00178491744756805
CAGCCG	0.0	0.0
CAGCCT	0.0	0.00178491744756805
CAGCGA	0.0	0.0004462293618920125
CAGCGC	0.038461538461538464	0.000892458723784025
CAGCGG	0.0	0.000892458723784025
CAGCGT	0.0	0.0
CAGCTA	0.0	0.0
CAGCTC	0.0	0.000892458723784025
CAGCTG	0.0	0.0013386880856760374
CAGCTT	0.0	0.0004462293618920125
CAGGAA	0.0	0.0004462293618920125
CAGGAC	0.0	0.000892458723784025
CAGGAG	0.0	0.00178491744756805
CAGGAT	0.0	0.0
CAGGCA	0.0	0.00178491744756805
CAGGCC	0.0	0.000892458723784025
CAGGCG	0.0	0.0022311468094600626
CAGGCT	0.0	0.0013386880856760374
CAGGGA	0.0	0.0004462293618920125
CAGGGC	0.0	0.000892458723784025
CAGGGG	0.0	0.000892458723784025
CAGGGT	0.0	0.0
CAGGTA	0.0	0.0004462293618920125
CAGGTC	0.0	0.0
CAGGTG	0.0	0.0013386880856760374
CAGGTT	0.0	0.0
CAGTAA	0.0	0.0
CAGTAC	0.0	0.0
CAGTAG	0.0	0.0
CAGTAT	0.0	0.0
CAGTCA	0.0	0.0
CAGTCC	0.0	0.000892458723784025
CAGTCG	0.0	0.0
CAGTCT	0.0	0.000892458723784025
CAGTGA	0.0	0.0
CAGTGC	0.0	0.0004462293618920125
CAGTGG	0.0	0.0004462293618920125
CAGTGT	0.0	0.0
CAGTTA	0.0	0.0
CAGTTC	0.0	0.0004462293618920125
CAGTTG	0.0	0.0
CAGTTT	0.0	0.0
CATAAA	0.0	0.0
CATAAC	0.0	0.0
CATAAG	0.0	0.0
CATAAT	0.0	0.0
CATACA	0.0	0.0
CATACC	0.0	0.0
CATACG	0.0	0.0
CATACT	0.0	0.0
CATAGA	0.0	0.0
CATAGC	0.0	0.0
CATAGG	0.0	0.0
CATAGT	0.0	0.0
CATATA	0.0	0.0004462293618920125
CATATC	0.0	0.0
CATATG	0.0	0.0
CATATT	0.0	0.0
CATCAA	0.0	0.0
CATCAC	0.0	0.0
CATCAG	0.0	0.0004462293618920125
CATCAT	0.0	0.0004462293618920125
CATCCA	0.0	0.0
CATCCC	0.0	0.0004462293618920125
CATCCG	0.0	0.0
CATCCT	0.0	0.0
CATCGA	0.0	0.0
CATCGC	0.0	0.000892458723784025
CATCGG	0.0	0.0004462293618920125
CATCGT	0.0	0.0
CATCTA	0.0	0.0
CATCTC	0.0	0.0
CATCTG	0.0	0.0
CATCTT	0.0	0.0
CATGAA	0.0	0.0
CATGAC	0.0	0.0
CATGAG	0.0	0.0004462293618920125
CATGAT	0.0	0.0
CATGCA	0.0	0.0
CATGCC	0.0	0.0004462293618920125
CATGCG	0.0	0.0
CATGCT	0.0	0.0
CATGGA	0.0	0.0
CATGGC	0.0	0.0004462293618920125
CATGGG	0.0	0.0
CATGGT	0.0	0.0004462293618920125
CATGTA	0.0	0.0
CATGTC	0.0	0.0
CATGTG	0.0	0.0004462293618920125
CATGTT	0.0	0.0
CATTAA	0.0	0.0
CATTAC	0.0	0.0
CATTAG	0.0	0.0
CATTAT	0.0	0.0
CATTCA	0.0	0.0
CATTCC	0.0	0.0004462293618920125
CATTCG	0.0	0.0
CATTCT	0.0	0.0
CATTGA	0.0	0.0
CATTGC	0.0	0.0004462293618920125
CATTGG	0.0	0.0
CATTGT	0.0	0.0
CATTTA	0.0	0.0
CATTTC	0.0	0.0
CATTTG	0.0	0.0004462293618920125
CATTTT	0.0	0.0004462293618920125
CCAAAA	0.0	0.0
CCAAAC	0.0	0.0004462293618920125
CCAAAG	0.0	0.0
CCAAAT	0.0	0.0004462293618920125
CCAACA	0.0	0.0
CCAACC	0.0	0.0
CCAACG	0.0	0.0
CCAACT	0.0	0.0
CCAAGA	0.0	0.0
CCAAGC	0.0	0.000892458723784025
CCAAGG	0.0	0.0004462293618920125
CCAAGT	0.0	0.0
CCAATA	0.0	0.0
CCAATC	0.0	0.0
CCAATG	0.0	0.0
CCAATT	0.0	0.0004462293618920125
CCACAA	0.0	0.0
CCACAC	0.0	0.0
CCACAG	0.0	0.0004462293618920125
CCACAT	0.0	0.0004462293618920125
CCACCA	0.0	0.0004462293618920125
CCACCC	0.0	0.0
CCACCG	0.0	0.0004462293618920125
CCACCT	0.0	0.0035698348951361
CCACGA	0.0	0.0004462293618920125
CCACGC	0.0	0.0004462293618920125
CCACGG	0.0	0.0004462293618920125
CCACGT	0.0	0.0013386880856760374
CCACTA	0.0	0.0
CCACTC	0.0	0.0004462293618920125
CCACTG	0.0	0.000892458723784025
CCACTT	0.0	0.0
CCAGAA	0.0	0.000892458723784025
CCAGAC	0.0	0.0
CCAGAG	0.0	0.000892458723784025
CCAGAT	0.0	0.0
CCAGCA	0.0	0.0004462293618920125
CCAGCC	0.0	0.000892458723784025
CCAGCG	0.0	0.0013386880856760374
CCAGCT	0.0	0.0022311468094600626
CCAGGA	0.0	0.000892458723784025
CCAGGC	0.0	0.0022311468094600626
CCAGGG	0.0	0.000892458723784025
CCAGGT	0.0	0.0004462293618920125
CCAGTA	0.0	0.0
CCAGTC	0.0	0.0004462293618920125
CCAGTG	0.0	0.0
CCAGTT	0.0	0.0004462293618920125
CCATAA	0.0	0.0
CCATAC	0.0	0.0
CCATAG	0.0	0.0
CCATAT	0.0	0.0004462293618920125
CCATCA	0.0	0.000892458723784025
CCATCC	0.0	0.0
CCATCG	0.0	0.0
CCATCT	0.0	0.0
CCATGA	0.0	0.0004462293618920125
CCATGC	0.0	0.0
CCATGG	0.0	0.000892458723784025
CCATGT	0.0	0.0004462293618920125
CCATTA	0.0	0.0
CCATTC	0.0	0.0
CCATTG	0.0	0.0
CCATTT	0.0	0.0004462293618920125
CCCAAA	0.0	0.000892458723784025
CCCAAC	0.0	0.0
CCCAAG	0.0	0.0004462293618920125
CCCAAT	0.0	0.0
CCCACA	0.0	0.0
CCCACC	0.0	0.00178491744756805
CCCACG	0.0	0.0013386880856760374
CCCACT	0.0	0.0004462293618920125
CCCAGA	0.0	0.000892458723784025
CCCAGC	0.0	0.0022311468094600626
CCCAGG	0.0	0.0022311468094600626
CCCAGT	0.0	0.000892458723784025
CCCATA	0.0	0.0
CCCATC	0.0	0.0004462293618920125
CCCATG	0.0	0.0004462293618920125
CCCATT	0.0	0.0
CCCCAA	0.0	0.0004462293618920125
CCCCAC	0.0	0.00178491744756805
CCCCAG	0.0	0.0022311468094600626
CCCCAT	0.0	0.000892458723784025
CCCCCA	0.0	0.0013386880856760374
CCCCCC	0.0	0.0004462293618920125
CCCCCG	0.0	0.0013386880856760374
CCCCCT	0.0	0.000892458723784025
CCCCGA	0.0	0.0
CCCCGC	0.0	0.0013386880856760374
CCCCGG	0.0	0.0031236055332440876
CCCCGT	0.0	0.0004462293618920125
CCCCTA	0.0	0.000892458723784025
CCCCTC	0.0	0.00178491744756805
CCCCTG	0.0	0.00178491744756805
CCCCTT	0.0	0.000892458723784025
CCCGAA	0.0	0.0
CCCGAC	0.0	0.0
CCCGAG	0.0	0.0004462293618920125
CCCGAT	0.0	0.0
CCCGCA	0.0	0.0004462293618920125
CCCGCC	0.0	0.0013386880856760374
CCCGCG	0.0	0.0004462293618920125
CCCGCT	0.0	0.0
CCCGGA	0.0	0.0013386880856760374
CCCGGC	0.0	0.0022311468094600626
CCCGGG	0.0	0.0013386880856760374
CCCGGT	0.0	0.000892458723784025
CCCGTA	0.0	0.0
CCCGTC	0.0	0.0
CCCGTG	0.0	0.0004462293618920125
CCCGTT	0.0	0.0
CCCTAA	0.0	0.0
CCCTAC	0.0	0.0004462293618920125
CCCTAG	0.0	0.0004462293618920125
CCCTAT	0.0	0.000892458723784025
CCCTCA	0.0	0.0013386880856760374
CCCTCC	0.0	0.00178491744756805
CCCTCG	0.0	0.0004462293618920125
CCCTCT	0.0	0.000892458723784025
CCCTGA	0.0	0.0004462293618920125
CCCTGC	0.0	0.0004462293618920125
CCCTGG	0.0	0.004462293618920125
CCCTGT	0.0	0.000892458723784025
CCCTTA	0.0	0.0
CCCTTC	0.0	0.0004462293618920125
CCCTTG	0.0	0.0013386880856760374
CCCTTT	0.0	0.0013386880856760374
CCGAAA	0.0	0.0
CCGAAC	0.0	0.0
CCGAAG	0.0	0.0
CCGAAT	0.0	0.0
CCGACA	0.0	0.0
CCGACC	0.0	0.0
CCGACG	0.0	0.0004462293618920125
CCGACT	0.0	0.0
CCGAGA	0.0	0.000892458723784025
CCGAGC	0.0	0.0
CCGAGG	0.0	0.0
CCGAGT	0.0	0.0004462293618920125
CCGATA	0.0	0.0
CCGATC	0.0	0.0
CCGATG	0.0	0.0
CCGATT	0.0	0.0
CCGCAA	0.0	0.0
CCGCAC	0.0	0.0013386880856760374
CCGCAG	0.0	0.0004462293618920125
CCGCAT	0.0	0.0004462293618920125
CCGCCA	0.0	0.0004462293618920125
CCGCCC	0.0	0.000892458723784025
CCGCCG	0.0	0.0
CCGCCT	0.0	0.0
CCGCGA	0.0	0.0
CCGCGC	0.0	0.0013386880856760374
CCGCGG	0.0	0.0013386880856760374
CCGCGT	0.0	0.0
CCGCTA	0.0	0.0
CCGCTC	0.0	0.0
CCGCTG	0.0	0.0004462293618920125
CCGCTT	0.0	0.0
CCGGAA	0.0	0.0
CCGGAC	0.0	0.000892458723784025
CCGGAG	0.0	0.0004462293618920125
CCGGAT	0.0	0.0004462293618920125
CCGGCA	0.0	0.000892458723784025
CCGGCC	0.0	0.000892458723784025
CCGGCG	0.0	0.0004462293618920125
CCGGCT	0.0	0.0004462293618920125
CCGGGA	0.0	0.0013386880856760374
CCGGGC	0.0	0.000892458723784025
CCGGGG	0.0	0.0
CCGGGT	0.0	0.0
CCGGTA	0.0	0.0
CCGGTC	0.0	0.0013386880856760374
CCGGTG	0.0	0.0
CCGGTT	0.0	0.0
CCGTAA	0.0	0.0
CCGTAC	0.0	0.0
CCGTAG	0.0	0.0
CCGTAT	0.0	0.0
CCGTCA	0.0	0.0
CCGTCC	0.0	0.0
CCGTCG	0.0	0.0
CCGTCT	0.0	0.0
CCGTGA	0.0	0.0
CCGTGC	0.0	0.000892458723784025
CCGTGG	0.0	0.0004462293618920125
CCGTGT	0.0	0.0004462293618920125
CCGTTA	0.0	0.0
CCGTTC	0.0	0.0
CCGTTG	0.0	0.0
CCGTTT	0.0	0.0
CCTAAA	0.0	0.0
CCTAAC	0.0	0.0
CCTAAG	0.0	0.0004462293618920125
CCTAAT	0.0	0.0
CCTACA	0.0	0.0
CCTACC	0.0	0.000892458723784025
CCTACG	0.0	0.0
CCTACT	0.0	0.0004462293618920125
CCTAGA	0.0	0.0004462293618920125
CCTAGC	0.0	0.0
CCTAGG	0.0	0.0
CCTAGT	0.0	0.0
CCTATA	0.0	0.0
CCTATC	0.0	0.0004462293618920125
CCTATG	0.0	0.0004462293618920125
CCTATT	0.0	0.0004462293618920125
CCTCAA	0.0	0.0
CCTCAC	0.0	0.0013386880856760374
CCTCAG	0.0	0.000892458723784025
CCTCAT	0.0	0.0004462293618920125
CCTCCA	0.0	0.0
CCTCCC	0.0	0.002677376171352075
CCTCCG	0.0	0.0
CCTCCT	0.0	0.000892458723784025
CCTCGA	0.0	0.0
CCTCGC	0.0	0.0013386880856760374
CCTCGG	0.0	0.0
CCTCGT	0.0	0.0
CCTCTA	0.0	0.0
CCTCTC	0.0	0.002677376171352075
CCTCTG	0.0	0.0004462293618920125
CCTCTT	0.0	0.000892458723784025
CCTGAA	0.0	0.0
CCTGAC	0.0	0.0004462293618920125
CCTGAG	0.0	0.0013386880856760374
CCTGAT	0.0	0.0013386880856760374
CCTGCA	0.0	0.0004462293618920125
CCTGCC	0.0	0.00178491744756805
CCTGCG	0.0	0.0
CCTGCT	0.0	0.000892458723784025
CCTGGA	0.0	0.0035698348951361
CCTGGC	0.0	0.00178491744756805
CCTGGG	0.0	0.000892458723784025
CCTGGT	0.0	0.000892458723784025
CCTGTA	0.0	0.0004462293618920125
CCTGTC	0.0	0.000892458723784025
CCTGTG	0.0	0.0004462293618920125
CCTGTT	0.0	0.0
CCTTAA	0.0	0.0
CCTTAC	0.0	0.0
CCTTAG	0.0	0.0
CCTTAT	0.0	0.0
CCTTCA	0.0	0.0
CCTTCC	0.0	0.000892458723784025
CCTTCG	0.0	0.0
CCTTCT	0.0	0.000892458723784025
CCTTGA	0.0	0.0004462293618920125
CCTTGC	0.0	0.0013386880856760374
CCTTGG	0.0	0.0004462293618920125
CCTTGT	0.0	0.0004462293618920125
CCTTTA	0.0	0.0
CCTTTC	0.0	0.0004462293618920125
CCTTTG	0.0	0.00178491744756805
CCTTTT	0.0	0.0
CGAAAA	0.0	0.0
CGAAAC	0.0	0.0
CGAAAG	0.0	0.0
CGAAAT	0.0	0.0
CGAACA	0.0	0.0
CGAACC	0.0	0.0
CGAACG	0.0	0.0
CGAACT	0.0	0.0
CGAAGA	0.0	0.0004462293618920125
CGAAGC	0.0	0.000892458723784025
CGAAGG	0.0	0.0
CGAAGT	0.0	0.0
CGAATA	0.0	0.0
CGAATC	0.0	0.0
CGAATG	0.0	0.0
CGAATT	0.0	0.0
CGACAA	0.0	0.0
CGACAC	0.0	0.0
CGACAG	0.0	0.0004462293618920125
CGACAT	0.0	0.0
CGACCA	0.0	0.0
CGACCC	0.0	0.0
CGACCG	0.0	0.0
CGACCT	0.0	0.000892458723784025
CGACGA	0.0	0.0004462293618920125
CGACGC	0.0	0.0
CGACGG	0.0	0.0
CGACGT	0.0	0.0
CGACTA	0.0	0.0
CGACTC	0.0	0.0
CGACTG	0.0	0.0
CGACTT	0.0	0.0
CGAGAA	0.0	0.0
CGAGAC	0.0	0.000892458723784025
CGAGAG	0.0	0.0004462293618920125
CGAGAT	0.0	0.0
CGAGCA	0.0	0.0
CGAGCC	0.0	0.0
CGAGCG	0.0	0.0
CGAGCT	0.0	0.0
CGAGGA	0.0	0.0
CGAGGC	0.0	0.0004462293618920125
CGAGGG	0.0	0.0
CGAGGT	0.0	0.000892458723784025
CGAGTA	0.0	0.0004462293618920125
CGAGTC	0.0	0.0
CGAGTG	0.0	0.000892458723784025
CGAGTT	0.0	0.0004462293618920125
CGATAA	0.0	0.0
CGATAC	0.0	0.0
CGATAG	0.0	0.0
CGATAT	0.0	0.0
CGATCA	0.0	0.0
CGATCC	0.0	0.0
CGATCG	0.0	0.0
CGATCT	0.0	0.0
CGATGA	0.0	0.0
CGATGC	0.0	0.0
CGATGG	0.0	0.0
CGATGT	0.0	0.0
CGATTA	0.0	0.0
CGATTC	0.0	0.0004462293618920125
CGATTG	0.0	0.0
CGATTT	0.0	0.0
CGCAAA	0.0	0.0
CGCAAC	0.0	0.0
CGCAAG	0.0	0.0
CGCAAT	0.0	0.0
CGCACA	0.0	0.0
CGCACC	0.0	0.000892458723784025
CGCACG	0.0	0.0
CGCACT	0.0	0.0004462293618920125
CGCAGA	0.0	0.0
CGCAGC	0.0	0.0013386880856760374
CGCAGG	0.0	0.00178491744756805
CGCAGT	0.0	0.0
CGCATA	0.0	0.0
CGCATC	0.0	0.0
CGCATG	0.0	0.0
CGCATT	0.0	0.0004462293618920125
CGCCAA	0.0	0.0
CGCCAC	0.0	0.0004462293618920125
CGCCAG	0.0	0.0
CGCCAT	0.038461538461538464	0.0
CGCCCA	0.0	0.0
CGCCCC	0.0	0.0013386880856760374
CGCCCG	0.0	0.000892458723784025
CGCCCT	0.0	0.000892458723784025
CGCCGA	0.0	0.0
CGCCGC	0.0	0.0004462293618920125
CGCCGG	0.0	0.0
CGCCGT	0.0	0.0004462293618920125
CGCCTA	0.0	0.0
CGCCTC	0.0	0.0004462293618920125
CGCCTG	0.0	0.0004462293618920125
CGCCTT	0.0	0.0
CGCGAA	0.0	0.0
CGCGAC	0.0	0.0
CGCGAG	0.0	0.0004462293618920125
CGCGAT	0.0	0.0
CGCGCA	0.0	0.0004462293618920125
CGCGCC	0.0	0.000892458723784025
CGCGCG	0.0	0.000892458723784025
CGCGCT	0.0	0.00178491744756805
CGCGGA	0.0	0.0004462293618920125
CGCGGC	0.0	0.000892458723784025
CGCGGG	0.0	0.0013386880856760374
CGCGGT	0.0	0.0004462293618920125
CGCGTA	0.0	0.0
CGCGTC	0.0	0.0
CGCGTG	0.0	0.0004462293618920125
CGCGTT	0.0	0.0
CGCTAA	0.0	0.0
CGCTAC	0.0	0.0004462293618920125
CGCTAG	0.0	0.0
CGCTAT	0.0	0.0
CGCTCA	0.0	0.0
CGCTCC	0.0	0.0
CGCTCG	0.0	0.0004462293618920125
CGCTCT	0.0	0.0004462293618920125
CGCTGA	0.0	0.0013386880856760374
CGCTGC	0.0	0.0004462293618920125
CGCTGG	0.0	0.0022311468094600626
CGCTGT	0.0	0.000892458723784025
CGCTTA	0.0	0.0
CGCTTC	0.0	0.0004462293618920125
CGCTTG	0.0	0.0
CGCTTT	0.0	0.0
CGGAAA	0.0	0.0
CGGAAC	0.0	0.0
CGGAAG	0.0	0.0
CGGAAT	0.0	0.0
CGGACA	0.0	0.0
CGGACC	0.0	0.0
CGGACG	0.0	0.000892458723784025
CGGACT	0.0	0.0004462293618920125
CGGAGA	0.0	0.000892458723784025
CGGAGC	0.0	0.0004462293618920125
CGGAGG	0.0	0.0004462293618920125
CGGAGT	0.0	0.0
CGGATA	0.0	0.0
CGGATC	0.0	0.0004462293618920125
CGGATG	0.0	0.0
CGGATT	0.0	0.0
CGGCAA	0.0	0.0004462293618920125
CGGCAC	0.0	0.0004462293618920125
CGGCAG	0.0	0.0004462293618920125
CGGCAT	0.0	0.0
CGGCCA	0.0	0.0013386880856760374
CGGCCC	0.0	0.0004462293618920125
CGGCCG	0.0	0.0
CGGCCT	0.0	0.0
CGGCGA	0.0	0.0004462293618920125
CGGCGC	0.0	0.00178491744756805
CGGCGG	0.0	0.000892458723784025
CGGCGT	0.0	0.0004462293618920125
CGGCTA	0.0	0.0
CGGCTC	0.0	0.0004462293618920125
CGGCTG	0.0	0.0004462293618920125
CGGCTT	0.0	0.0004462293618920125
CGGGAA	0.0	0.0
CGGGAC	0.0	0.0004462293618920125
CGGGAG	0.0	0.0004462293618920125
CGGGAT	0.0	0.0013386880856760374
CGGGCA	0.0	0.0
CGGGCC	0.0	0.0
CGGGCG	0.0	0.000892458723784025
CGGGCT	0.0	0.0
CGGGGA	0.0	0.0004462293618920125
CGGGGC	0.0	0.000892458723784025
CGGGGG	0.0	0.0013386880856760374
CGGGGT	0.0	0.000892458723784025
CGGGTA	0.0	0.0
CGGGTC	0.0	0.0
CGGGTG	0.0	0.000892458723784025
CGGGTT	0.0	0.0004462293618920125
CGGTAA	0.0	0.0
CGGTAC	0.0	0.0
CGGTAG	0.0	0.0
CGGTAT	0.0	0.0
CGGTCA	0.0	0.0
CGGTCC	0.0	0.000892458723784025
CGGTCG	0.0	0.0004462293618920125
CGGTCT	0.0	0.0004462293618920125
CGGTGA	0.0	0.0
CGGTGC	0.0	0.0004462293618920125
CGGTGG	0.0	0.0
CGGTGT	0.0	0.0
CGGTTA	0.0	0.0
CGGTTC	0.0	0.0
CGGTTG	0.0	0.0
CGGTTT	0.0	0.0
CGTAAA	0.0	0.0
CGTAAC	0.0	0.0
CGTAAG	0.0	0.0
CGTAAT	0.0	0.0
CGTACA	0.0	0.0
CGTACC	0.0	0.0
CGTACG	0.0	0.0
CGTACT	0.0	0.0
CGTAGA	0.0	0.0
CGTAGC	0.0	0.0
CGTAGG	0.0	0.0
CGTAGT	0.0	0.0
CGTATA	0.0	0.0
CGTATC	0.0	0.0
CGTATG	0.0	0.0
CGTATT	0.0	0.0
CGTCAA	0.0	0.0
CGTCAC	0.0	0.0
CGTCAG	0.0	0.0
CGTCAT	0.0	0.0
CGTCCA	0.0	0.0
CGTCCC	0.0	0.0
CGTCCG	0.0	0.0
CGTCCT	0.0	0.0
CGTCGA	0.0	0.0
CGTCGC	0.0	0.0004462293618920125
CGTCGG	0.0	0.000892458723784025
CGTCGT	0.0	0.0
CGTCTA	0.0	0.0004462293618920125
CGTCTC	0.0	0.0
CGTCTG	0.0	0.0
CGTCTT	0.0	0.0
CGTGAA	0.0	0.0
CGTGAC	0.0	0.0
CGTGAG	0.0	0.0
CGTGAT	0.0	0.0
CGTGCA	0.0	0.0
CGTGCC	0.0	0.0004462293618920125
CGTGCG	0.0	0.0004462293618920125
CGTGCT	0.0	0.000892458723784025
CGTGGA	0.0	0.0004462293618920125
CGTGGC	0.0	0.0
CGTGGG	0.0	0.0
CGTGGT	0.0	0.0
CGTGTA	0.0	0.0
CGTGTC	0.0	0.0
CGTGTG	0.0	0.0
CGTGTT	0.0	0.0004462293618920125
CGTTAA	0.0	0.0
CGTTAC	0.0	0.0
CGTTAG	0.0	0.0
CGTTAT	0.0	0.0004462293618920125
CGTTCA	0.0	0.0
CGTTCC	0.0	0.0004462293618920125
CGTTCG	0.0	0.0
CGTTCT	0.0	0.0
CGTTGA	0.0	0.0
CGTTGC	0.0	0.0
CGTTGG	0.0	0.0
CGTTGT	0.0	0.0
CGTTTA	0.0	0.0
CGTTTC	0.0	0.0
CGTTTG	0.0	0.0
CGTTTT	0.0	0.0
CTAAAA	0.0	0.0
CTAAAC	0.0	0.0
CTAAAG	0.0	0.0
CTAAAT	0.0	0.0004462293618920125
CTAACA	0.0	0.0
CTAACC	0.0	0.0004462293618920125
CTAACG	0.0	0.0
CTAACT	0.0	0.0
CTAAGA	0.0	0.0004462293618920125
CTAAGC	0.0	0.0
CTAAGG	0.0	0.0
CTAAGT	0.0	0.0
CTAATA	0.0	0.0
CTAATC	0.0	0.0
CTAATG	0.0	0.0
CTAATT	0.0	0.0
CTACAA	0.0	0.0
CTACAC	0.0	0.0004462293618920125
CTACAG	0.0	0.0
CTACAT	0.0	0.0
CTACCA	0.0	0.0
CTACCC	0.0	0.0013386880856760374
CTACCG	0.0	0.0
CTACCT	0.0	0.0004462293618920125
CTACGA	0.0	0.0
CTACGC	0.038461538461538464	0.0
CTACGG	0.0	0.0004462293618920125
CTACGT	0.0	0.0
CTACTA	0.0	0.0
CTACTC	0.0	0.0
CTACTG	0.0	0.0
CTACTT	0.0	0.0004462293618920125
CTAGAA	0.0	0.0
CTAGAC	0.0	0.0004462293618920125
CTAGAG	0.0	0.0
CTAGAT	0.0	0.0
CTAGCA	0.0	0.0
CTAGCC	0.0	0.0
CTAGCG	0.0	0.0
CTAGCT	0.0	0.0
CTAGGA	0.0	0.0
CTAGGC	0.0	0.0
CTAGGG	0.0	0.0004462293618920125
CTAGGT	0.0	0.0
CTAGTA	0.038461538461538464	0.0
CTAGTC	0.0	0.0
CTAGTG	0.0	0.0
CTAGTT	0.0	0.0
CTATAA	0.0	0.0
CTATAC	0.0	0.0
CTATAG	0.0	0.0
CTATAT	0.0	0.0
CTATCA	0.0	0.0
CTATCC	0.0	0.0
CTATCG	0.0	0.0004462293618920125
CTATCT	0.0	0.0
CTATGA	0.0	0.0
CTATGC	0.0	0.0
CTATGG	0.0	0.0004462293618920125
CTATGT	0.0	0.0
CTATTA	0.0	0.0
CTATTC	0.0	0.0
CTATTG	0.0	0.0004462293618920125
CTATTT	0.0	0.0
CTCAAA	0.0	0.0
CTCAAC	0.0	0.0
CTCAAG	0.0	0.0
CTCAAT	0.0	0.000892458723784025
CTCACA	0.0	0.000892458723784025
CTCACC	0.0	0.00178491744756805
CTCACG	0.0	0.0
CTCACT	0.0	0.0
CTCAGA	0.0	0.0004462293618920125
CTCAGC	0.0	0.0
CTCAGG	0.0	0.0004462293618920125
CTCAGT	0.0	0.0004462293618920125
CTCATA	0.0	0.0
CTCATC	0.0	0.0004462293618920125
CTCATG	0.0	0.0
CTCATT	0.0	0.0004462293618920125
CTCCAA	0.0	0.0
CTCCAC	0.0	0.0004462293618920125
CTCCAG	0.0	0.000892458723784025
CTCCAT	0.0	0.0
CTCCCA	0.0	0.0022311468094600626
CTCCCC	0.0	0.00178491744756805
CTCCCG	0.0	0.0
CTCCCT	0.0	0.000892458723784025
CTCCGA	0.0	0.0004462293618920125
CTCCGC	0.0	0.0
CTCCGG	0.0	0.0004462293618920125
CTCCGT	0.0	0.0
CTCCTA	0.0	0.0
CTCCTC	0.0	0.00178491744756805
CTCCTG	0.0	0.0013386880856760374
CTCCTT	0.0	0.0
CTCGAA	0.0	0.0
CTCGAC	0.0	0.0
CTCGAG	0.0	0.0004462293618920125
CTCGAT	0.0	0.0
CTCGCA	0.0	0.0004462293618920125
CTCGCC	0.0	0.00178491744756805
CTCGCG	0.0	0.0
CTCGCT	0.0	0.0
CTCGGA	0.0	0.0
CTCGGC	0.0	0.0004462293618920125
CTCGGG	0.0	0.0
CTCGGT	0.0	0.0
CTCGTA	0.0	0.0
CTCGTC	0.0	0.0
CTCGTG	0.0	0.0
CTCGTT	0.0	0.0
CTCTAA	0.0	0.0
CTCTAC	0.0	0.0
CTCTAG	0.0	0.0
CTCTAT	0.0	0.0
CTCTCA	0.0	0.0004462293618920125
CTCTCC	0.0	0.0013386880856760374
CTCTCG	0.0	0.000892458723784025
CTCTCT	0.0	0.000892458723784025
CTCTGA	0.0	0.0
CTCTGC	0.0	0.0013386880856760374
CTCTGG	0.0	0.0004462293618920125
CTCTGT	0.0	0.0
CTCTTA	0.0	0.0
CTCTTC	0.0	0.000892458723784025
CTCTTG	0.0	0.0
CTCTTT	0.0	0.0
CTGAAA	0.0	0.0
CTGAAC	0.0	0.0004462293618920125
CTGAAG	0.0	0.0
CTGAAT	0.0	0.0
CTGACA	0.0	0.0
CTGACC	0.0	0.000892458723784025
CTGACG	0.0	0.0
CTGACT	0.0	0.0
CTGAGA	0.0	0.0004462293618920125
CTGAGC	0.0	0.0022311468094600626
CTGAGG	0.0	0.0
CTGAGT	0.0	0.0004462293618920125
CTGATA	0.0	0.0
CTGATC	0.0	0.0004462293618920125
CTGATG	0.0	0.0013386880856760374
CTGATT	0.0	0.0
CTGCAA	0.0	0.0
CTGCAC	0.0	0.000892458723784025
CTGCAG	0.0	0.000892458723784025
CTGCAT	0.0	0.0
CTGCCA	0.0	0.0004462293618920125
CTGCCC	0.0	0.00178491744756805
CTGCCG	0.0	0.0004462293618920125
CTGCCT	0.0	0.000892458723784025
CTGCGA	0.0	0.0004462293618920125
CTGCGC	0.0	0.0
CTGCGG	0.0	0.0004462293618920125
CTGCGT	0.0	0.0
CTGCTA	0.0	0.0
CTGCTC	0.0	0.00178491744756805
CTGCTG	0.0	0.000892458723784025
CTGCTT	0.0	0.0
CTGGAA	0.0	0.0004462293618920125
CTGGAC	0.0	0.0022311468094600626
CTGGAG	0.0	0.00178491744756805
CTGGAT	0.0	0.0
CTGGCA	0.0	0.0004462293618920125
CTGGCC	0.0	0.002677376171352075
CTGGCG	0.0	0.0004462293618920125
CTGGCT	0.0	0.0004462293618920125
CTGGGA	0.0	0.0
CTGGGC	0.0	0.002677376171352075
CTGGGG	0.0	0.0013386880856760374
CTGGGT	0.0	0.0004462293618920125
CTGGTA	0.0	0.0004462293618920125
CTGGTC	0.0	0.0004462293618920125
CTGGTG	0.0	0.000892458723784025
CTGGTT	0.0	0.0004462293618920125
CTGTAA	0.0	0.0
CTGTAC	0.0	0.0
CTGTAG	0.0	0.0
CTGTAT	0.0	0.0004462293618920125
CTGTCA	0.0	0.0
CTGTCC	0.0	0.0013386880856760374
CTGTCG	0.0	0.0004462293618920125
CTGTCT	0.0	0.0004462293618920125
CTGTGA	0.0	0.0004462293618920125
CTGTGC	0.0	0.0
CTGTGG	0.0	0.0013386880856760374
CTGTGT	0.0	0.0
CTGTTA	0.0	0.0
CTGTTC	0.0	0.0
CTGTTG	0.0	0.0
CTGTTT	0.0	0.0
CTTAAA	0.0	0.0
CTTAAC	0.0	0.0
CTTAAG	0.0	0.0
CTTAAT	0.0	0.0
CTTACA	0.0	0.0
CTTACC	0.0	0.0
CTTACG	0.0	0.0
CTTACT	0.0	0.0
CTTAGA	0.0	0.0
CTTAGC	0.0	0.0
CTTAGG	0.0	0.0
CTTAGT	0.0	0.0
CTTATA	0.0	0.0
CTTATC	0.0	0.0
CTTATG	0.0	0.0
CTTATT	0.0	0.0
CTTCAA	0.0	0.0
CTTCAC	0.0	0.0
CTTCAG	0.0	0.0004462293618920125
CTTCAT	0.0	0.0
CTTCCA	0.0	0.0004462293618920125
CTTCCC	0.0	0.000892458723784025
CTTCCG	0.0	0.0
CTTCCT	0.0	0.0004462293618920125
CTTCGA	0.0	0.0
CTTCGC	0.0	0.0
CTTCGG	0.0	0.0
CTTCGT	0.0	0.0
CTTCTA	0.0	0.0004462293618920125
CTTCTC	0.0	0.000892458723784025
CTTCTG	0.0	0.0
CTTCTT	0.0	0.000892458723784025
CTTGAA	0.0	0.0
CTTGAC	0.0	0.0
CTTGAG	0.0	0.0004462293618920125
CTTGAT	0.0	0.0
CTTGCA	0.0	0.0004462293618920125
CTTGCC	0.0	0.0013386880856760374
CTTGCG	0.0	0.0
CTTGCT	0.0	0.0
CTTGGA	0.0	0.0004462293618920125
CTTGGC	0.0	0.0
CTTGGG	0.0	0.0
CTTGGT	0.0	0.0
CTTGTA	0.0	0.0
CTTGTC	0.0	0.0
CTTGTG	0.0	0.0
CTTGTT	0.0	0.0004462293618920125
CTTTAA	0.0	0.0
CTTTAC	0.0	0.0
CTTTAG	0.0	0.0
CTTTAT	0.0	0.0
CTTTCA	0.0	0.0004462293618920125
CTTTCC	0.0	0.0013386880856760374
CTTTCG	0.0	0.0
CTTTCT	0.0	0.0
CTTTGA	0.0	0.0
CTTTGC	0.0	0.0013386880856760374
CTTTGG	0.0	0.0004462293618920125
CTTTGT	0.0	0.0004462293618920125
CTTTTA	0.0	0.0
CTTTTC	0.0	0.0
CTTTTG	0.0	0.0
CTTTTT	0.0	0.0
GAAAAA	0.0	0.0
GAAAAC	0.0	0.0
GAAAAG	0.0	0.0004462293618920125
GAAAAT	0.0	0.0
GAAACA	0.0	0.0
GAAACC	0.0	0.0
GAAACG	0.0	0.0
GAAACT	0.0	0.0
GAAAGA	0.0	0.0
GAAAGC	0.0	0.0
GAAAGG	0.0	0.0004462293618920125
GAAAGT	0.0	0.0
GAAATA	0.0	0.0
GAAATC	0.0	0.0
GAAATG	0.0	0.0
GAAATT	0.0	0.0
GAACAA	0.0	0.0
GAACAC	0.0	0.0004462293618920125
GAACAG	0.0	0.0
GAACAT	0.0	0.0
GAACCA	0.0	0.0004462293618920125
GAACCC	0.0	0.0
GAACCG	0.0	0.0
GAACCT	0.0	0.0
GAACGA	0.0	0.0
GAACGC	0.0	0.0
GAACGG	0.0	0.0
GAACGT	0.0	0.0
GAACTA	0.0	0.0
GAACTC	0.0	0.0
GAACTG	0.0	0.0004462293618920125
GAACTT	0.0	0.0
GAAGAA	0.0	0.0004462293618920125
GAAGAC	0.0	0.0004462293618920125
GAAGAG	0.0	0.000892458723784025
GAAGAT	0.0	0.0
GAAGCA	0.0	0.0004462293618920125
GAAGCC	0.0	0.0004462293618920125
GAAGCG	0.0	0.0
GAAGCT	0.0	0.000892458723784025
GAAGGA	0.0	0.0004462293618920125
GAAGGC	0.0	0.000892458723784025
GAAGGG	0.0	0.0
GAAGGT	0.0	0.0004462293618920125
GAAGTA	0.0	0.0
GAAGTC	0.0	0.0
GAAGTG	0.0	0.0
GAAGTT	0.0	0.0
GAATAA	0.0	0.0
GAATAC	0.0	0.0
GAATAG	0.0	0.0
GAATAT	0.0	0.0
GAATCA	0.0	0.0
GAATCC	0.0	0.0
GAATCG	0.0	0.0
GAATCT	0.0	0.0
GAATGA	0.0	0.0
GAATGC	0.0	0.0
GAATGG	0.0	0.0
GAATGT	0.0	0.0
GAATTA	0.0	0.0
GAATTC	0.0	0.0
GAATTG	0.0	0.0
GAATTT	0.0	0.0
GACAAA	0.0	0.0
GACAAC	0.0	0.0
GACAAG	0.0	0.0004462293618920125
GACAAT	0.0	0.0
GACACA	0.0	0.0
GACACC	0.0	0.0004462293618920125
GACACG	0.0	0.0
GACACT	0.0	0.0
GACAGA	0.0	0.0004462293618920125
GACAGC	0.0	0.0
GACAGG	0.0	0.0
GACAGT	0.0	0.0
GACATA	0.0	0.0
GACATC	0.0	0.0
GACATG	0.0	0.0
GACATT	0.0	0.0
GACCAA	0.0	0.0
GACCAC	0.0	0.0004462293618920125
GACCAG	0.0	0.0
GACCAT	0.0	0.0
GACCCA	0.0	0.0004462293618920125
GACCCC	0.0	0.000892458723784025
GACCCG	0.0	0.000892458723784025
GACCCT	0.0	0.0004462293618920125
GACCGA	0.0	0.0
GACCGC	0.0	0.0
GACCGG	0.0	0.0004462293618920125
GACCGT	0.0	0.0
GACCTA	0.0	0.000892458723784025
GACCTC	0.0	0.0004462293618920125
GACCTG	0.0	0.000892458723784025
GACCTT	0.0	0.000892458723784025
GACGAA	0.0	0.0
GACGAC	0.0	0.0004462293618920125
GACGAG	0.0	0.000892458723784025
GACGAT	0.0	0.0
GACGCA	0.0	0.0004462293618920125
GACGCC	0.0	0.0
GACGCG	0.0	0.0013386880856760374
GACGCT	0.0	0.0
GACGGA	0.0	0.0
GACGGC	0.0	0.0
GACGGG	0.0	0.0004462293618920125
GACGGT	0.0	0.0
GACGTA	0.0	0.0
GACGTC	0.0	0.0
GACGTG	0.0	0.0
GACGTT	0.0	0.0
GACTAA	0.0	0.0004462293618920125
GACTAC	0.0	0.0
GACTAG	0.0	0.0
GACTAT	0.0	0.0
GACTCA	0.0	0.0
GACTCC	0.0	0.0
GACTCG	0.0	0.0
GACTCT	0.0	0.0
GACTGA	0.0	0.0
GACTGC	0.0	0.0
GACTGG	0.0	0.0
GACTGT	0.0	0.0004462293618920125
GACTTA	0.0	0.0
GACTTC	0.0	0.0004462293618920125
GACTTG	0.0	0.0
GACTTT	0.0	0.0
GAGAAA	0.0	0.0004462293618920125
GAGAAC	0.0	0.0
GAGAAG	0.0	0.0
GAGAAT	0.0	0.0
GAGACA	0.0	0.0004462293618920125
GAGACC	0.0	0.0004462293618920125
GAGACG	0.0	0.0004462293618920125
GAGACT	0.0	0.000892458723784025
GAGAGA	0.0	0.0004462293618920125
GAGAGC	0.0	0.0004462293618920125
GAGAGG	0.0	0.00178491744756805
GAGAGT	0.0	0.0
GAGATA	0.0	0.0
GAGATC	0.0	0.0
GAGATG	0.0	0.0
GAGATT	0.0	0.0004462293618920125
GAGCAA	0.038461538461538464	0.0004462293618920125
GAGCAC	0.0	0.0
GAGCAG	0.0	0.000892458723784025
GAGCAT	0.0	0.0
GAGCCA	0.0	0.0013386880856760374
GAGCCC	0.0	0.002677376171352075
GAGCCG	0.0	0.0
GAGCCT	0.0	0.000892458723784025
GAGCGA	0.0	0.0
GAGCGC	0.0	0.0013386880856760374
GAGCGG	0.0	0.0004462293618920125
GAGCGT	0.0	0.0
GAGCTA	0.0	0.0
GAGCTC	0.0	0.0004462293618920125
GAGCTG	0.0	0.00178491744756805
GAGCTT	0.0	0.0
GAGGAA	0.0	0.000892458723784025
GAGGAC	0.0	0.0004462293618920125
GAGGAG	0.0	0.0013386880856760374
GAGGAT	0.0	0.000892458723784025
GAGGCA	0.0	0.0
GAGGCC	0.0	0.00178491744756805
GAGGCG	0.0	0.0
GAGGCT	0.0	0.0004462293618920125
GAGGGA	0.0	0.00178491744756805
GAGGGC	0.0	0.00178491744756805
GAGGGG	0.0	0.0
GAGGGT	0.0	0.0004462293618920125
GAGGTA	0.0	0.0004462293618920125
GAGGTC	0.0	0.0004462293618920125
GAGGTG	0.0	0.0004462293618920125
GAGGTT	0.0	0.0
GAGTAA	0.0	0.0004462293618920125
GAGTAC	0.0	0.0004462293618920125
GAGTAG	0.0	0.0
GAGTAT	0.0	0.0
GAGTCA	0.0	0.0
GAGTCC	0.0	0.000892458723784025
GAGTCG	0.0	0.0
GAGTCT	0.0	0.0
GAGTGA	0.0	0.0004462293618920125
GAGTGC	0.0	0.0004462293618920125
GAGTGG	0.0	0.000892458723784025
GAGTGT	0.0	0.0
GAGTTA	0.0	0.0
GAGTTC	0.0	0.0
GAGTTG	0.0	0.0004462293618920125
GAGTTT	0.0	0.0
GATAAA	0.0	0.0
GATAAC	0.0	0.0
GATAAG	0.038461538461538464	0.0
GATAAT	0.0	0.0
GATACA	0.0	0.0
GATACC	0.0	0.0
GATACG	0.0	0.0
GATACT	0.0	0.0
GATAGA	0.0	0.0
GATAGC	0.0	0.0
GATAGG	0.0	0.0
GATAGT	0.0	0.0
GATATA	0.0	0.0
GATATC	0.0	0.0
GATATG	0.0	0.0
GATATT	0.0	0.0
GATCAA	0.0	0.0
GATCAC	0.0	0.0
GATCAG	0.0	0.0
GATCAT	0.0	0.0
GATCCA	0.0	0.0004462293618920125
GATCCC	0.0	0.000892458723784025
GATCCG	0.0	0.0
GATCCT	0.0	0.0004462293618920125
GATCGA	0.0	0.0
GATCGC	0.0	0.0
GATCGG	0.0	0.0
GATCGT	0.0	0.0
GATCTA	0.0	0.0
GATCTC	0.0	0.0004462293618920125
GATCTG	0.0	0.0
GATCTT	0.0	0.0
GATGAA	0.0	0.0
GATGAC	0.0	0.0
GATGAG	0.0	0.000892458723784025
GATGAT	0.0	0.0
GATGCA	0.0	0.0
GATGCC	0.0	0.000892458723784025
GATGCG	0.0	0.0
GATGCT	0.0	0.0
GATGGA	0.0	0.0004462293618920125
GATGGC	0.0	0.0004462293618920125
GATGGG	0.0	0.000892458723784025
GATGGT	0.0	0.0004462293618920125
GATGTA	0.0	0.0
GATGTC	0.0	0.0
GATGTG	0.0	0.0004462293618920125
GATGTT	0.0	0.0
GATTAA	0.0	0.0
GATTAC	0.0	0.0
GATTAG	0.0	0.0
GATTAT	0.0	0.0
GATTCA	0.0	0.0004462293618920125
GATTCC	0.0	0.0004462293618920125
GATTCG	0.0	0.0
GATTCT	0.0	0.0
GATTGA	0.0	0.0004462293618920125
GATTGC	0.0	0.0
GATTGG	0.0	0.0
GATTGT	0.0	0.0
GATTTA	0.0	0.0
GATTTC	0.0	0.0
GATTTG	0.0	0.0
GATTTT	0.0	0.0
GCAAAA	0.0	0.0
GCAAAC	0.0	0.0
GCAAAG	0.0	0.0004462293618920125
GCAAAT	0.0	0.0
GCAACA	0.0	0.0
GCAACC	0.0	0.0004462293618920125
GCAACG	0.0	0.0004462293618920125
GCAACT	0.0	0.0
GCAAGA	0.0	0.0
GCAAGC	0.0	0.0004462293618920125
GCAAGG	0.0	0.0
GCAAGT	0.0	0.0
GCAATA	0.0	0.0
GCAATC	0.0	0.0
GCAATG	0.0	0.0
GCAATT	0.0	0.0
GCACAA	0.0	0.0
GCACAC	0.0	0.0
GCACAG	0.0	0.0004462293618920125
GCACAT	0.0	0.0
GCACCA	0.0	0.000892458723784025
GCACCC	0.0	0.0013386880856760374
GCACCG	0.0	0.0
GCACCT	0.0	0.0
GCACGA	0.0	0.0
GCACGC	0.0	0.0004462293618920125
GCACGG	0.0	0.0004462293618920125
GCACGT	0.0	0.0
GCACTA	0.0	0.0004462293618920125
GCACTC	0.0	0.0004462293618920125
GCACTG	0.0	0.0
GCACTT	0.0	0.0004462293618920125
GCAGAA	0.0	0.0
GCAGAC	0.0	0.0
GCAGAG	0.0	0.0013386880856760374
GCAGAT	0.0	0.0004462293618920125
GCAGCA	0.0	0.0013386880856760374
GCAGCC	0.0	0.00178491744756805
GCAGCG	0.0	0.000892458723784025
GCAGCT	0.0	0.0004462293618920125
GCAGGA	0.0	0.000892458723784025
GCAGGC	0.0	0.002677376171352075
GCAGGG	0.0	0.0013386880856760374
GCAGGT	0.0	0.0013386880856760374
GCAGTA	0.0	0.0
GCAGTC	0.0	0.000892458723784025
GCAGTG	0.0	0.0004462293618920125
GCAGTT	0.0	0.0
GCATAA	0.0	0.0
GCATAC	0.0	0.0
GCATAG	0.0	0.0
GCATAT	0.0	0.0
GCATCA	0.0	0.0
GCATCC	0.0	0.0
GCATCG	0.0	0.0004462293618920125
GCATCT	0.0	0.0
GCATGA	0.0	0.0
GCATGC	0.0	0.0004462293618920125
GCATGG	0.0	0.0
GCATGT	0.0	0.0
GCATTA	0.0	0.0
GCATTC	0.0	0.0
GCATTG	0.0	0.0004462293618920125
GCATTT	0.0	0.0004462293618920125
GCCAAA	0.0	0.0
GCCAAC	0.0	0.0
GCCAAG	0.0	0.0004462293618920125
GCCAAT	0.0	0.0004462293618920125
GCCACA	0.0	0.0
GCCACC	0.0	0.0022311468094600626
GCCACG	0.0	0.000892458723784025
GCCACT	0.0	0.0004462293618920125
GCCAGA	0.0	0.0004462293618920125
GCCAGC	0.0	0.00178491744756805
GCCAGG	0.0	0.0004462293618920125
GCCAGT	0.0	0.0
GCCATA	0.0	0.0
GCCATC	0.0	0.0004462293618920125
GCCATG	0.0	0.0
GCCATT	0.0	0.0
GCCCAA	0.0	0.0
GCCCAC	0.0	0.000892458723784025
GCCCAG	0.0	0.00178491744756805
GCCCAT	0.0	0.0
GCCCCA	0.0	0.0013386880856760374
GCCCCC	0.0	0.0022311468094600626
GCCCCG	0.0	0.00178491744756805
GCCCCT	0.0	0.0013386880856760374
GCCCGA	0.0	0.0004462293618920125
GCCCGC	0.0	0.0004462293618920125
GCCCGG	0.0	0.000892458723784025
GCCCGT	0.0	0.0
GCCCTA	0.0	0.000892458723784025
GCCCTC	0.0	0.000892458723784025
GCCCTG	0.0	0.0035698348951361
GCCCTT	0.0	0.000892458723784025
GCCGAA	0.0	0.0
GCCGAC	0.0	0.0
GCCGAG	0.0	0.0
GCCGAT	0.0	0.0
GCCGCA	0.0	0.0013386880856760374
GCCGCC	0.0	0.0
GCCGCG	0.0	0.000892458723784025
GCCGCT	0.0	0.0
GCCGGA	0.0	0.0
GCCGGC	0.0	0.0004462293618920125
GCCGGG	0.0	0.0
GCCGGT	0.0	0.0004462293618920125
GCCGTA	0.0	0.0
GCCGTC	0.0	0.0
GCCGTG	0.0	0.0013386880856760374
GCCGTT	0.0	0.0
GCCTAA	0.0	0.0
GCCTAC	0.0	0.0
GCCTAG	0.0	0.0
GCCTAT	0.0	0.0004462293618920125
GCCTCA	0.0	0.0004462293618920125
GCCTCC	0.0	0.0
GCCTCG	0.0	0.0004462293618920125
GCCTCT	0.0	0.0013386880856760374
GCCTGA	0.0	0.0
GCCTGC	0.0	0.00178491744756805
GCCTGG	0.0	0.000892458723784025
GCCTGT	0.0	0.0
GCCTTA	0.0	0.0
GCCTTC	0.0	0.0004462293618920125
GCCTTG	0.0	0.000892458723784025
GCCTTT	0.0	0.0004462293618920125
GCGAAA	0.0	0.0
GCGAAC	0.0	0.0
GCGAAG	0.0	0.000892458723784025
GCGAAT	0.0	0.0
GCGACA	0.0	0.0
GCGACC	0.0	0.0004462293618920125
GCGACG	0.0	0.0
GCGACT	0.0	0.0
GCGAGA	0.0	0.0004462293618920125
GCGAGC	0.0	0.0
GCGAGG	0.0	0.0004462293618920125
GCGAGT	0.0	0.000892458723784025
GCGATA	0.0	0.0
GCGATC	0.0	0.0
GCGATG	0.0	0.0
GCGATT	0.0	0.0004462293618920125
GCGCAA	0.0	0.0
GCGCAC	0.0	0.0
GCGCAG	0.0	0.0013386880856760374
GCGCAT	0.0	0.0
GCGCCA	0.0	0.0
GCGCCC	0.0	0.0013386880856760374
GCGCCG	0.0	0.0
GCGCCT	0.0	0.000892458723784025
GCGCGA	0.0	0.0
GCGCGC	0.0	0.0013386880856760374
GCGCGG	0.0	0.00178491744756805
GCGCGT	0.0	0.0
GCGCTA	0.0	0.0004462293618920125
GCGCTC	0.0	0.0004462293618920125
GCGCTG	0.0	0.0031236055332440876
GCGCTT	0.0	0.0004462293618920125
GCGGAA	0.0	0.0
GCGGAC	0.0	0.0004462293618920125
GCGGAG	0.0	0.0004462293618920125
GCGGAT	0.0	0.0
GCGGCA	0.0	0.0004462293618920125
GCGGCC	0.0	0.0
GCGGCG	0.0	0.00178491744756805
GCGGCT	0.0	0.0004462293618920125
GCGGGA	0.0	0.000892458723784025
GCGGGC	0.0	0.0
GCGGGG	0.0	0.002677376171352075
GCGGGT	0.0	0.000892458723784025
GCGGTA	0.0	0.0
GCGGTC	0.0	0.0004462293618920125
GCGGTG	0.0	0.0004462293618920125
GCGGTT	0.0	0.0
GCGTAA	0.0	0.0
GCGTAC	0.0	0.0
GCGTAG	0.0	0.0
GCGTAT	0.0	0.0
GCGTCA	0.0	0.0
GCGTCC	0.0	0.0
GCGTCG	0.0	0.0004462293618920125
GCGTCT	0.0	0.0004462293618920125
GCGTGA	0.0	0.0
GCGTGC	0.0	0.000892458723784025
GCGTGG	0.0	0.0
GCGTGT	0.0	0.0
GCGTTA	0.0	0.0
GCGTTC	0.0	0.0
GCGTTG	0.0	0.0
GCGTTT	0.0	0.0
GCTAAA	0.0	0.0
GCTAAC	0.0	0.0
GCTAAG	0.0	0.0
GCTAAT	0.0	0.0
GCTACA	0.0	0.0
GCTACC	0.0	0.0004462293618920125
GCTACG	0.0	0.0
GCTACT	0.0	0.0
GCTAGA	0.0	0.0
GCTAGC	0.0	0.0
GCTAGG	0.0	0.0
GCTAGT	0.0	0.0
GCTATA	0.0	0.0
GCTATC	0.0	0.0
GCTATG	0.0	0.0
GCTATT	0.0	0.0
GCTCAA	0.0	0.000892458723784025
GCTCAC	0.0	0.0
GCTCAG	0.0	0.0
GCTCAT	0.0	0.0
GCTCCA	0.0	0.0004462293618920125
GCTCCC	0.0	0.0013386880856760374
GCTCCG	0.0	0.0
GCTCCT	0.0	0.0013386880856760374
GCTCGA	0.0	0.0
GCTCGC	0.0	0.0004462293618920125
GCTCGG	0.0	0.0
GCTCGT	0.0	0.0
GCTCTA	0.0	0.0
GCTCTC	0.0	0.0004462293618920125
GCTCTG	0.0	0.000892458723784025
GCTCTT	0.0	0.0
GCTGAA	0.0	0.0004462293618920125
GCTGAC	0.0	0.0004462293618920125
GCTGAG	0.0	0.00178491744756805
GCTGAT	0.0	0.0004462293618920125
GCTGCA	0.0	0.000892458723784025
GCTGCC	0.0	0.000892458723784025
GCTGCG	0.0	0.000892458723784025
GCTGCT	0.0	0.0004462293618920125
GCTGGA	0.0	0.000892458723784025
GCTGGC	0.0	0.00178491744756805
GCTGGG	0.0	0.0031236055332440876
GCTGGT	0.0	0.0013386880856760374
GCTGTA	0.0	0.0
GCTGTC	0.0	0.0013386880856760374
GCTGTG	0.038461538461538464	0.0
GCTGTT	0.0	0.0
GCTTAA	0.0	0.0
GCTTAC	0.0	0.0
GCTTAG	0.0	0.0
GCTTAT	0.0	0.0
GCTTCA	0.0	0.0
GCTTCC	0.0	0.0004462293618920125
GCTTCG	0.0	0.0
GCTTCT	0.0	0.0004462293618920125
GCTTGA	0.0	0.0
GCTTGC	0.0	0.0
GCTTGG	0.0	0.0
GCTTGT	0.0	0.0
GCTTTA	0.0	0.0
GCTTTC	0.0	0.000892458723784025
GCTTTG	0.0	0.0
GCTTTT	0.0	0.0
GGAAAA	0.0	0.0
GGAAAC	0.0	0.0
GGAAAG	0.0	0.0004462293618920125
GGAAAT	0.0	0.0
GGAACA	0.0	0.0
GGAACC	0.0	0.0
GGAACG	0.0	0.0
GGAACT	0.0	0.0
GGAAGA	0.0	0.000892458723784025
GGAAGC	0.0	0.0004462293618920125
GGAAGG	0.0	0.0013386880856760374
GGAAGT	0.0	0.0
GGAATA	0.0	0.0
GGAATC	0.0	0.0
GGAATG	0.0	0.0
GGAATT	0.0	0.0
GGACAA	0.0	0.0004462293618920125
GGACAC	0.0	0.0
GGACAG	0.0	0.0
GGACAT	0.0	0.0
GGACCA	0.0	0.0
GGACCC	0.0	0.00178491744756805
GGACCG	0.0	0.0004462293618920125
GGACCT	0.0	0.0013386880856760374
GGACGA	0.0	0.0004462293618920125
GGACGC	0.0	0.0013386880856760374
GGACGG	0.0	0.0
GGACGT	0.0	0.0
GGACTA	0.0	0.0
GGACTC	0.0	0.0
GGACTG	0.0	0.0004462293618920125
GGACTT	0.0	0.0
GGAGAA	0.0	0.0
GGAGAC	0.0	0.0004462293618920125
GGAGAG	0.0	0.000892458723784025
GGAGAT	0.0	0.0004462293618920125
GGAGCA	0.0	0.0004462293618920125
GGAGCC	0.0	0.000892458723784025
GGAGCG	0.0	0.0004462293618920125
GGAGCT	0.0	0.000892458723784025
GGAGGA	0.0	0.0013386880856760374
GGAGGC	0.0	0.0013386880856760374
GGAGGG	0.0	0.0022311468094600626
GGAGGT	0.0	0.0004462293618920125
GGAGTA	0.0	0.0
GGAGTC	0.0	0.0
GGAGTG	0.0	0.0004462293618920125
GGAGTT	0.0	0.0
GGATAA	0.0	0.0
GGATAC	0.0	0.0
GGATAG	0.0	0.0
GGATAT	0.0	0.0
GGATCA	0.0	0.0
GGATCC	0.0	0.0013386880856760374
GGATCG	0.0	0.0
GGATCT	0.0	0.0004462293618920125
GGATGA	0.0	0.000892458723784025
GGATGC	0.0	0.0
GGATGG	0.0	0.00178491744756805
GGATGT	0.0	0.0004462293618920125
GGATTA	0.0	0.0
GGATTC	0.0	0.0
GGATTG	0.0	0.0
GGATTT	0.0	0.0
GGCAAA	0.0	0.0
GGCAAC	0.0	0.0004462293618920125
GGCAAG	0.0	0.0
GGCAAT	0.0	0.0
GGCACA	0.0	0.0004462293618920125
GGCACC	0.0	0.000892458723784025
GGCACG	0.0	0.0
GGCACT	0.0	0.0004462293618920125
GGCAGA	0.0	0.000892458723784025
GGCAGC	0.0	0.0013386880856760374
GGCAGG	0.0	0.0013386880856760374
GGCAGT	0.038461538461538464	0.0004462293618920125
GGCATA	0.0	0.0
GGCATC	0.0	0.0
GGCATG	0.0	0.0004462293618920125
GGCATT	0.0	0.0004462293618920125
GGCCAA	0.0	0.000892458723784025
GGCCAC	0.0	0.0004462293618920125
GGCCAG	0.0	0.0022311468094600626
GGCCAT	0.0	0.0004462293618920125
GGCCCA	0.0	0.0004462293618920125
GGCCCC	0.0	0.0013386880856760374
GGCCCG	0.0	0.0004462293618920125
GGCCCT	0.0	0.002677376171352075
GGCCGA	0.0	0.0
GGCCGC	0.0	0.00178491744756805
GGCCGG	0.0	0.000892458723784025
GGCCGT	0.0	0.0
GGCCTA	0.0	0.0004462293618920125
GGCCTC	0.0	0.0004462293618920125
GGCCTG	0.0	0.0004462293618920125
GGCCTT	0.0	0.0004462293618920125
GGCGAA	0.0	0.0004462293618920125
GGCGAC	0.0	0.0004462293618920125
GGCGAG	0.0	0.0004462293618920125
GGCGAT	0.0	0.0004462293618920125
GGCGCA	0.0	0.0004462293618920125
GGCGCC	0.0	0.000892458723784025
GGCGCG	0.0	0.000892458723784025
GGCGCT	0.0	0.0022311468094600626
GGCGGA	0.0	0.0004462293618920125
GGCGGC	0.0	0.0004462293618920125
GGCGGG	0.0	0.00178491744756805
GGCGGT	0.0	0.0
GGCGTA	0.0	0.0
GGCGTC	0.0	0.000892458723784025
GGCGTG	0.0	0.0004462293618920125
GGCGTT	0.0	0.0
GGCTAA	0.0	0.0
GGCTAC	0.0	0.0
GGCTAG	0.0	0.0
GGCTAT	0.0	0.0
GGCTCA	0.0	0.0004462293618920125
GGCTCC	0.0	0.000892458723784025
GGCTCG	0.0	0.0
GGCTCT	0.0	0.0
GGCTGA	0.0	0.0013386880856760374
GGCTGC	0.0	0.0004462293618920125
GGCTGG	0.0	0.00178491744756805
GGCTGT	0.0	0.0
GGCTTA	0.0	0.0
GGCTTC	0.0	0.0
GGCTTG	0.0	0.0
GGCTTT	0.0	0.000892458723784025
GGGAAA	0.0	0.0
GGGAAC	0.0	0.0
GGGAAG	0.0	0.000892458723784025
GGGAAT	0.0	0.0
GGGACA	0.0	0.0
GGGACC	0.0	0.0004462293618920125
GGGACG	0.0	0.0
GGGACT	0.0	0.0
GGGAGA	0.0	0.000892458723784025
GGGAGC	0.0	0.0004462293618920125
GGGAGG	0.0	0.000892458723784025
GGGAGT	0.0	0.0004462293618920125
GGGATA	0.0	0.0
GGGATC	0.0	0.000892458723784025
GGGATG	0.0	0.00178491744756805
GGGATT	0.0	0.0
GGGCAA	0.0	0.0
GGGCAC	0.0	0.000892458723784025
GGGCAG	0.0	0.0013386880856760374
GGGCAT	0.0	0.0004462293618920125
GGGCCA	0.0	0.000892458723784025
GGGCCC	0.0	0.0022311468094600626
GGGCCG	0.0	0.0
GGGCCT	0.0	0.0004462293618920125
GGGCGA	0.0	0.0004462293618920125
GGGCGC	0.0	0.0013386880856760374
GGGCGG	0.0	0.000892458723784025
GGGCGT	0.0	0.0004462293618920125
GGGCTA	0.0	0.0
GGGCTC	0.0	0.0
GGGCTG	0.0	0.000892458723784025
GGGCTT	0.0	0.0
GGGGAA	0.0	0.0004462293618920125
GGGGAC	0.0	0.0
GGGGAG	0.0	0.0004462293618920125
GGGGAT	0.0	0.000892458723784025
GGGGCA	0.0	0.0004462293618920125
GGGGCC	0.0	0.000892458723784025
GGGGCG	0.0	0.000892458723784025
GGGGCT	0.0	0.000892458723784025
GGGGGA	0.0	0.0004462293618920125
GGGGGC	0.0	0.00178491744756805
GGGGGG	0.0	0.000892458723784025
GGGGGT	0.0	0.0004462293618920125
GGGGTA	0.0	0.0004462293618920125
GGGGTC	0.0	0.000892458723784025
GGGGTG	0.0	0.0013386880856760374
GGGGTT	0.0	0.0
GGGTAA	0.0	0.0
GGGTAC	0.0	0.0004462293618920125
GGGTAG	0.0	0.0
GGGTAT	0.0	0.0004462293618920125
GGGTCA	0.0	0.0
GGGTCC	0.0	0.0004462293618920125
GGGTCG	0.0	0.0004462293618920125
GGGTCT	0.0	0.0
GGGTGA	0.0	0.000892458723784025
GGGTGC	0.0	0.000892458723784025
GGGTGG	0.0	0.0013386880856760374
GGGTGT	0.0	0.000892458723784025
GGGTTA	0.0	0.0
GGGTTC	0.0	0.000892458723784025
GGGTTG	0.0	0.0004462293618920125
GGGTTT	0.0	0.0
GGTAAA	0.0	0.0
GGTAAC	0.0	0.0004462293618920125
GGTAAG	0.0	0.0
GGTAAT	0.0	0.0
GGTACA	0.0	0.0004462293618920125
GGTACC	0.0	0.0
GGTACG	0.0	0.0
GGTACT	0.0	0.0
GGTAGA	0.0	0.0
GGTAGC	0.0	0.0
GGTAGG	0.0	0.0
GGTAGT	0.0	0.0004462293618920125
GGTATA	0.0	0.0004462293618920125
GGTATC	0.0	0.0
GGTATG	0.0	0.0004462293618920125
GGTATT	0.0	0.0
GGTCAA	0.0	0.0
GGTCAC	0.0	0.0
GGTCAG	0.0	0.000892458723784025
GGTCAT	0.0	0.0
GGTCCA	0.0	0.0
GGTCCC	0.0	0.0013386880856760374
GGTCCG	0.0	0.0004462293618920125
GGTCCT	0.0	0.0
GGTCGA	0.0	0.0
GGTCGC	0.0	0.0004462293618920125
GGTCGG	0.0	0.0004462293618920125
GGTCGT	0.0	0.0
GGTCTA	0.0	0.0004462293618920125
GGTCTC	0.0	0.0
GGTCTG	0.0	0.0004462293618920125
GGTCTT	0.0	0.0
GGTGAA	0.0	0.0004462293618920125
GGTGAC	0.0	0.0
GGTGAG	0.0	0.0013386880856760374
GGTGAT	0.0	0.0
GGTGCA	0.0	0.0013386880856760374
GGTGCC	0.0	0.0
GGTGCG	0.0	0.00178491744756805
GGTGCT	0.0	0.0
GGTGGA	0.0	0.0
GGTGGC	0.0	0.000892458723784025
GGTGGG	0.0	0.00178491744756805
GGTGGT	0.0	0.0
GGTGTA	0.0	0.0
GGTGTC	0.0	0.000892458723784025
GGTGTG	0.0	0.0004462293618920125
GGTGTT	0.0	0.0
GGTTAA	0.0	0.0
GGTTAC	0.0	0.0
GGTTAG	0.0	0.0
GGTTAT	0.0	0.0
GGTTCA	0.0	0.0
GGTTCC	0.0	0.000892458723784025
GGTTCG	0.0	0.0
GGTTCT	0.0	0.0
GGTTGA	0.0	0.0
GGTTGC	0.0	0.0
GGTTGG	0.0	0.0
GGTTGT	0.0	0.0004462293618920125
GGTTTA	0.0	0.0
GGTTTC	0.0	0.0004462293618920125
GGTTTG	0.0	0.0
GGTTTT	0.0	0.0
GTAAAA	0.0	0.0
GTAAAC	0.0	0.0
GTAAAG	0.0	0.0004462293618920125
GTAAAT	0.0	0.0
GTAACA	0.0	0.0
GTAACC	0.0	0.0004462293618920125
GTAACG	0.0	0.0
GTAACT	0.0	0.0
GTAAGA	0.0	0.0
GTAAGC	0.0	0.0
GTAAGG	0.0	0.0
GTAAGT	0.0	0.0
GTAATA	0.0	0.0
GTAATC	0.0	0.0
GTAATG	0.0	0.0
GTAATT	0.0	0.0
GTACAA	0.0	0.0
GTACAC	0.0	0.0
GTACAG	0.0	0.0004462293618920125
GTACAT	0.0	0.0
GTACCA	0.0	0.0
GTACCC	0.0	0.0
GTACCG	0.0	0.0004462293618920125
GTACCT	0.0	0.0
GTACGA	0.0	0.0
GTACGC	0.0	0.0
GTACGG	0.0	0.0
GTACGT	0.0	0.0
GTACTA	0.0	0.0
GTACTC	0.0	0.0
GTACTG	0.0	0.0
GTACTT	0.0	0.0
GTAGAA	0.0	0.0
GTAGAC	0.0	0.0
GTAGAG	0.0	0.0004462293618920125
GTAGAT	0.0	0.0
GTAGCA	0.0	0.0
GTAGCC	0.0	0.0
GTAGCG	0.0	0.0
GTAGCT	0.0	0.0
GTAGGA	0.0	0.0
GTAGGC	0.038461538461538464	0.0
GTAGGG	0.0	0.0004462293618920125
GTAGGT	0.0	0.0
GTAGTA	0.0	0.0
GTAGTC	0.0	0.0
GTAGTG	0.0	0.0004462293618920125
GTAGTT	0.0	0.0
GTATAA	0.0	0.0004462293618920125
GTATAC	0.0	0.0
GTATAG	0.0	0.0
GTATAT	0.0	0.0
GTATCA	0.0	0.0004462293618920125
GTATCC	0.0	0.0
GTATCG	0.0	0.0
GTATCT	0.0	0.0
GTATGA	0.0	0.0004462293618920125
GTATGC	0.0	0.0
GTATGG	0.0	0.0
GTATGT	0.0	0.0
GTATTA	0.0	0.0
GTATTC	0.0	0.0
GTATTG	0.0	0.0
GTATTT	0.0	0.0
GTCAAA	0.0	0.0
GTCAAC	0.0	0.0
GTCAAG	0.0	0.0
GTCAAT	0.0	0.0
GTCACA	0.0	0.0
GTCACC	0.0	0.0
GTCACG	0.0	0.0
GTCACT	0.0	0.0
GTCAGA	0.0	0.0004462293618920125
GTCAGC	0.0	0.0
GTCAGG	0.0	0.000892458723784025
GTCAGT	0.0	0.0
GTCATA	0.0	0.0
GTCATC	0.0	0.0
GTCATG	0.0	0.0
GTCATT	0.0	0.0
GTCCAA	0.0	0.0004462293618920125
GTCCAC	0.0	0.0
GTCCAG	0.0	0.0004462293618920125
GTCCAT	0.0	0.0
GTCCCA	0.0	0.0
GTCCCC	0.0	0.0013386880856760374
GTCCCG	0.0	0.0004462293618920125
GTCCCT	0.0	0.000892458723784025
GTCCGA	0.0	0.0
GTCCGC	0.0	0.0013386880856760374
GTCCGG	0.0	0.0
GTCCGT	0.0	0.0
GTCCTA	0.0	0.0
GTCCTC	0.0	0.0
GTCCTG	0.0	0.0004462293618920125
GTCCTT	0.0	0.0
GTCGAA	0.0	0.0
GTCGAC	0.0	0.0
GTCGAG	0.0	0.0
GTCGAT	0.0	0.0
GTCGCA	0.0	0.0004462293618920125
GTCGCC	0.0	0.0
GTCGCG	0.0	0.0
GTCGCT	0.0	0.000892458723784025
GTCGGA	0.0	0.000892458723784025
GTCGGC	0.0	0.0004462293618920125
GTCGGG	0.0	0.0004462293618920125
GTCGGT	0.0	0.0
GTCGTA	0.0	0.0
GTCGTC	0.0	0.0
GTCGTG	0.0	0.0
GTCGTT	0.0	0.0
GTCTAA	0.0	0.0004462293618920125
GTCTAC	0.0	0.0004462293618920125
GTCTAG	0.0	0.0004462293618920125
GTCTAT	0.0	0.0
GTCTCA	0.0	0.000892458723784025
GTCTCC	0.0	0.0
GTCTCG	0.0	0.0
GTCTCT	0.0	0.0
GTCTGA	0.0	0.0
GTCTGC	0.0	0.0
GTCTGG	0.0	0.0004462293618920125
GTCTGT	0.0	0.0004462293618920125
GTCTTA	0.0	0.0
GTCTTC	0.0	0.0
GTCTTG	0.0	0.0
GTCTTT	0.0	0.0
GTGAAA	0.0	0.0
GTGAAC	0.0	0.000892458723784025
GTGAAG	0.0	0.0004462293618920125
GTGAAT	0.0	0.0
GTGACA	0.0	0.0
GTGACC	0.0	0.0
GTGACG	0.0	0.0004462293618920125
GTGACT	0.0	0.0
GTGAGA	0.0	0.0004462293618920125
GTGAGC	0.0	0.0013386880856760374
GTGAGG	0.0	0.0
GTGAGT	0.0	0.0004462293618920125
GTGATA	0.0	0.0
GTGATC	0.0	0.0
GTGATG	0.0	0.0
GTGATT	0.0	0.0
GTGCAA	0.0	0.0
GTGCAC	0.0	0.0
GTGCAG	0.0	0.0013386880856760374
GTGCAT	0.0	0.0
GTGCCA	0.0	0.0004462293618920125
GTGCCC	0.0	0.0004462293618920125
GTGCCG	0.0	0.0
GTGCCT	0.0	0.0
GTGCGA	0.0	0.0004462293618920125
GTGCGC	0.0	0.0004462293618920125
GTGCGG	0.0	0.0013386880856760374
GTGCGT	0.0	0.0
GTGCTA	0.038461538461538464	0.0
GTGCTC	0.0	0.0004462293618920125
GTGCTG	0.0	0.000892458723784025
GTGCTT	0.0	0.0
GTGGAA	0.0	0.0004462293618920125
GTGGAC	0.0	0.0004462293618920125
GTGGAG	0.0	0.0004462293618920125
GTGGAT	0.0	0.0
GTGGCA	0.0	0.0
GTGGCC	0.0	0.000892458723784025
GTGGCG	0.0	0.0004462293618920125
GTGGCT	0.0	0.0
GTGGGA	0.0	0.0
GTGGGC	0.0	0.0004462293618920125
GTGGGG	0.0	0.00178491744756805
GTGGGT	0.0	0.0013386880856760374
GTGGTA	0.0	0.0
GTGGTC	0.0	0.0
GTGGTG	0.0	0.0004462293618920125
GTGGTT	0.0	0.0
GTGTAA	0.0	0.0
GTGTAC	0.0	0.0
GTGTAG	0.0	0.0004462293618920125
GTGTAT	0.0	0.0
GTGTCA	0.0	0.0
GTGTCC	0.0	0.0004462293618920125
GTGTCG	0.0	0.0004462293618920125
GTGTCT	0.0	0.0004462293618920125
GTGTGA	0.0	0.0004462293618920125
GTGTGC	0.0	0.0
GTGTGG	0.0	0.0
GTGTGT	0.0	0.0004462293618920125
GTGTTA	0.0	0.0
GTGTTC	0.0	0.0
GTGTTG	0.0	0.0
GTGTTT	0.0	0.000892458723784025
GTTAAA	0.0	0.0
GTTAAC	0.0	0.0
GTTAAG	0.0	0.0
GTTAAT	0.0	0.0
GTTACA	0.0	0.0
GTTACC	0.0	0.0
GTTACG	0.0	0.0
GTTACT	0.0	0.0
GTTAGA	0.0	0.0
GTTAGC	0.0	0.0
GTTAGG	0.0	0.0
GTTAGT	0.0	0.0
GTTATA	0.0	0.0
GTTATC	0.0	0.0004462293618920125
GTTATG	0.0	0.0
GTTATT	0.0	0.0
GTTCAA	0.0	0.0
GTTCAC	0.0	0.0
GTTCAG	0.0	0.0
GTTCAT	0.0	0.0
GTTCCA	0.0	0.0004462293618920125
GTTCCC	0.0	0.0
GTTCCG	0.0	0.0
GTTCCT	0.0	0.0013386880856760374
GTTCGA	0.0	0.0
GTTCGC	0.0	0.0
GTTCGG	0.0	0.0
GTTCGT	0.0	0.0
GTTCTA	0.0	0.0
GTTCTC	0.0	0.0
GTTCTG	0.0	0.0004462293618920125
GTTCTT	0.0	0.0
GTTGAA	0.0	0.0
GTTGAC	0.0	0.0
GTTGAG	0.0	0.0
GTTGAT	0.0	0.0
GTTGCA	0.0	0.0004462293618920125
GTTGCC	0.0	0.0
GTTGCG	0.0	0.0
GTTGCT	0.0	0.0
GTTGGA	0.0	0.0
GTTGGC	0.0	0.0004462293618920125
GTTGGG	0.0	0.0
GTTGGT	0.0	0.0
GTTGTA	0.0	0.0
GTTGTC	0.0	0.0
GTTGTG	0.0	0.0004462293618920125
GTTGTT	0.0	0.0
GTTTAA	0.0	0.0
GTTTAC	0.0	0.0
GTTTAG	0.0	0.0
GTTTAT	0.0	0.0
GTTTCA	0.0	0.0
GTTTCC	0.0	0.0004462293618920125
GTTTCG	0.0	0.0
GTTTCT	0.0	0.0
GTTTGA	0.0	0.0004462293618920125
GTTTGC	0.0	0.0
GTTTGG	0.0	0.0
GTTTGT	0.0	0.0
GTTTTA	0.0	0.0
GTTTTC	0.0	0.0
GTTTTG	0.0	0.0
GTTTTT	0.0	0.0004462293618920125
TAAAAA	0.0	0.0
TAAAAC	0.0	0.0
TAAAAG	0.0	0.0
TAAAAT	0.0	0.0
TAAACA	0.0	0.0004462293618920125
TAAACC	0.0	0.0
TAAACG	0.0	0.0
TAAACT	0.0	0.0004462293618920125
TAAAGA	0.0	0.0
TAAAGC	0.0	0.0004462293618920125
TAAAGG	0.0	0.0
TAAAGT	0.0	0.0
TAAATA	0.0	0.0004462293618920125
TAAATC	0.0	0.0
TAAATG	0.0	0.0
TAAATT	0.0	0.0
TAACAA	0.0	0.0
TAACAC	0.0	0.0
TAACAG	0.0	0.0
TAACAT	0.0	0.0
TAACCA	0.0	0.0004462293618920125
TAACCC	0.0	0.0004462293618920125
TAACCG	0.0	0.0
TAACCT	0.0	0.0
TAACGA	0.0	0.0
TAACGC	0.0	0.0
TAACGG	0.0	0.0
TAACGT	0.0	0.0
TAACTA	0.0	0.0
TAACTC	0.0	0.0
TAACTG	0.0	0.0
TAACTT	0.0	0.0
TAAGAA	0.0	0.0
TAAGAC	0.0	0.0004462293618920125
TAAGAG	0.0	0.0
TAAGAT	0.0	0.0
TAAGCA	0.0	0.0
TAAGCC	0.0	0.0
TAAGCG	0.0	0.0
TAAGCT	0.0	0.0
TAAGGA	0.0	0.0
TAAGGC	0.0	0.0
TAAGGG	0.0	0.0
TAAGGT	0.0	0.0
TAAGTA	0.0	0.0
TAAGTC	0.0	0.0
TAAGTG	0.0	0.0
TAAGTT	0.0	0.0
TAATAA	0.0	0.0
TAATAC	0.0	0.0
TAATAG	0.0	0.0
TAATAT	0.0	0.0
TAATCA	0.0	0.0
TAATCC	0.0	0.0
TAATCG	0.0	0.0
TAATCT	0.0	0.0
TAATGA	0.0	0.0
TAATGC	0.0	0.0
TAATGG	0.0	0.0
TAATGT	0.0	0.0
TAATTA	0.0	0.0
TAATTC	0.0	0.0
TAATTG	0.0	0.0
TAATTT	0.0	0.0
TACAAA	0.0	0.0
TACAAC	0.0	0.0
TACAAG	0.0	0.0
TACAAT	0.0	0.0
TACACA	0.0	0.0
TACACC	0.0	0.0
TACACG	0.0	0.0004462293618920125
TACACT	0.0	0.0
TACAGA	0.0	0.0
TACAGC	0.0	0.0
TACAGG	0.0	0.0004462293618920125
TACAGT	0.0	0.0
TACATA	0.0	0.0
TACATC	0.0	0.0
TACATG	0.0	0.0
TACATT	0.0	0.0
TACCAA	0.0	0.0
TACCAC	0.0	0.0
TACCAG	0.0	0.0
TACCAT	0.0	0.0004462293618920125
TACCCA	0.0	0.0
TACCCC	0.0	0.000892458723784025
TACCCG	0.0	0.0004462293618920125
TACCCT	0.0	0.0
TACCGA	0.0	0.0
TACCGC	0.0	0.0004462293618920125
TACCGG	0.0	0.0
TACCGT	0.0	0.0
TACCTA	0.0	0.0
TACCTC	0.0	0.0
TACCTG	0.0	0.0004462293618920125
TACCTT	0.0	0.0
TACGAA	0.0	0.0
TACGAC	0.0	0.0
TACGAG	0.0	0.0
TACGAT	0.0	0.0
TACGCA	0.0	0.0
TACGCC	0.0	0.0
TACGCG	0.0	0.0
TACGCT	0.0	0.0
TACGGA	0.0	0.0
TACGGC	0.0	0.0004462293618920125
TACGGG	0.0	0.0
TACGGT	0.0	0.0
TACGTA	0.0	0.0
TACGTC	0.0	0.0
TACGTG	0.0	0.0
TACGTT	0.0	0.0
TACTAA	0.0	0.0
TACTAC	0.0	0.0
TACTAG	0.0	0.0
TACTAT	0.0	0.0
TACTCA	0.0	0.0
TACTCC	0.0	0.0
TACTCG	0.0	0.0
TACTCT	0.0	0.0
TACTGA	0.0	0.0
TACTGC	0.0	0.0
TACTGG	0.0	0.0
TACTGT	0.0	0.0
TACTTA	0.0	0.0
TACTTC	0.0	0.0004462293618920125
TACTTG	0.0	0.0
TACTTT	0.0	0.0
TAGAAA	0.0	0.0
TAGAAC	0.0	0.0
TAGAAG	0.0	0.0
TAGAAT	0.0	0.0
TAGACA	0.0	0.0
TAGACC	0.0	0.0004462293618920125
TAGACG	0.0	0.0
TAGACT	0.0	0.0
TAGAGA	0.0	0.0004462293618920125
TAGAGC	0.0	0.0
TAGAGG	0.0	0.0
TAGAGT	0.0	0.0
TAGATA	0.0	0.0
TAGATC	0.0	0.0
TAGATG	0.0	0.0
TAGATT	0.0	0.0
TAGCAA	0.0	0.0
TAGCAC	0.0	0.0
TAGCAG	0.0	0.0
TAGCAT	0.0	0.0
TAGCCA	0.0	0.0
TAGCCC	0.0	0.0
TAGCCG	0.0	0.0
TAGCCT	0.0	0.0
TAGCGA	0.0	0.0
TAGCGC	0.0	0.0
TAGCGG	0.0	0.0
TAGCGT	0.0	0.0
TAGCTA	0.0	0.0
TAGCTC	0.0	0.0
TAGCTG	0.0	0.0
TAGCTT	0.0	0.0
TAGGAA	0.0	0.0
TAGGAC	0.0	0.0
TAGGAG	0.0	0.0
TAGGAT	0.0	0.0
TAGGCA	0.0	0.0
TAGGCC	0.0	0.0
TAGGCG	0.0	0.0
TAGGCT	0.0	0.0
TAGGGA	0.0	0.0004462293618920125
TAGGGC	0.0	0.0
TAGGGG	0.0	0.0
TAGGGT	0.0	0.0004462293618920125
TAGGTA	0.0	0.0
TAGGTC	0.0	0.0
TAGGTG	0.0	0.0
TAGGTT	0.0	0.0
TAGTAA	0.0	0.0
TAGTAC	0.0	0.0
TAGTAG	0.0	0.0004462293618920125
TAGTAT	0.0	0.0
TAGTCA	0.0	0.0
TAGTCC	0.0	0.0
TAGTCG	0.0	0.0
TAGTCT	0.0	0.0
TAGTGA	0.0	0.000892458723784025
TAGTGC	0.0	0.0
TAGTGG	0.0	0.0
TAGTGT	0.0	0.0
TAGTTA	0.0	0.0
TAGTTC	0.0	0.0
TAGTTG	0.0	0.0
TAGTTT	0.0	0.0
TATAAA	0.038461538461538464	0.0004462293618920125
TATAAC	0.0	0.0
TATAAG	0.0	0.0
TATAAT	0.0	0.0
TATACA	0.0	0.0
TATACC	0.0	0.0
TATACG	0.0	0.0
TATACT	0.0	0.0
TATAGA	0.0	0.0
TATAGC	0.0	0.0
TATAGG	0.0	0.0
TATAGT	0.0	0.0004462293618920125
TATATA	0.0	0.0
TATATC	0.0	0.0
TATATG	0.0	0.0
TATATT	0.0	0.0
TATCAA	0.0	0.0004462293618920125
TATCAC	0.0	0.0
TATCAG	0.0	0.0
TATCAT	0.0	0.0
TATCCA	0.0	0.0
TATCCC	0.0	0.0
TATCCG	0.0	0.0
TATCCT	0.0	0.0
TATCGA	0.0	0.0
TATCGC	0.0	0.0
TATCGG	0.0	0.0004462293618920125
TATCGT	0.0	0.0
TATCTA	0.0	0.0
TATCTC	0.0	0.0004462293618920125
TATCTG	0.0	0.0
TATCTT	0.0	0.0
TATGAA	0.0	0.0
TATGAC	0.0	0.0
TATGAG	0.0	0.0004462293618920125
TATGAT	0.0	0.0
TATGCA	0.0	0.0
TATGCC	0.0	0.0
TATGCG	0.0	0.0
TATGCT	0.0	0.0
TATGGA	0.0	0.0004462293618920125
TATGGC	0.0	0.0
TATGGG	0.0	0.0
TATGGT	0.0	0.0
TATGTA	0.0	0.0
TATGTC	0.0	0.0
TATGTG	0.0	0.0
TATGTT	0.0	0.0
TATTAA	0.0	0.0
TATTAC	0.0	0.0
TATTAG	0.0	0.0
TATTAT	0.0	0.0
TATTCA	0.0	0.0
TATTCC	0.0	0.0
TATTCG	0.0	0.0
TATTCT	0.0	0.0
TATTGA	0.0	0.0
TATTGC	0.0	0.0
TATTGG	0.0	0.0004462293618920125
TATTGT	0.0	0.0
TATTTA	0.0	0.0
TATTTC	0.0	0.0
TATTTG	0.0	0.0
TATTTT	0.0	0.0
TCAAAA	0.0	0.0
TCAAAC	0.0	0.0
TCAAAG	0.0	0.0
TCAAAT	0.0	0.0
TCAACA	0.0	0.0
TCAACC	0.0	0.0
TCAACG	0.0	0.0
TCAACT	0.0	0.0
TCAAGA	0.0	0.0
TCAAGC	0.0	0.0
TCAAGG	0.0	0.0
TCAAGT	0.0	0.0
TCAATA	0.0	0.0
TCAATC	0.0	0.000892458723784025
TCAATG	0.0	0.0004462293618920125
TCAATT	0.0	0.0
TCACAA	0.0	0.0004462293618920125
TCACAC	0.0	0.0004462293618920125
TCACAG	0.0	0.0
TCACAT	0.0	0.0
TCACCA	0.0	0.0
TCACCC	0.0	0.0013386880856760374
TCACCG	0.0	0.0004462293618920125
TCACCT	0.0	0.0
TCACGA	0.0	0.0
TCACGC	0.0	0.0
TCACGG	0.0	0.0
TCACGT	0.0	0.0
TCACTA	0.0	0.0
TCACTC	0.0	0.0
TCACTG	0.0	0.0
TCACTT	0.0	0.0
TCAGAA	0.0	0.0
TCAGAC	0.0	0.0
TCAGAG	0.0	0.0013386880856760374
TCAGAT	0.0	0.0
TCAGCA	0.0	0.0
TCAGCC	0.0	0.0004462293618920125
TCAGCG	0.0	0.0
TCAGCT	0.0	0.0
TCAGGA	0.0	0.0013386880856760374
TCAGGC	0.0	0.000892458723784025
TCAGGG	0.0	0.0
TCAGGT	0.0	0.0
TCAGTA	0.0	0.0
TCAGTC	0.0	0.0004462293618920125
TCAGTG	0.0	0.0
TCAGTT	0.0	0.0
TCATAA	0.0	0.0
TCATAC	0.0	0.0
TCATAG	0.0	0.0
TCATAT	0.0	0.0
TCATCA	0.0	0.0
TCATCC	0.0	0.0004462293618920125
TCATCG	0.0	0.0004462293618920125
TCATCT	0.0	0.0
TCATGA	0.0	0.0
TCATGC	0.0	0.0
TCATGG	0.0	0.0
TCATGT	0.0	0.0
TCATTA	0.0	0.0
TCATTC	0.0	0.0004462293618920125
TCATTG	0.0	0.0
TCATTT	0.0	0.0
TCCAAA	0.0	0.0
TCCAAC	0.0	0.0
TCCAAG	0.0	0.0004462293618920125
TCCAAT	0.0	0.0
TCCACA	0.0	0.0004462293618920125
TCCACC	0.0	0.0
TCCACG	0.0	0.0
TCCACT	0.0	0.0
TCCAGA	0.0	0.0004462293618920125
TCCAGC	0.0	0.000892458723784025
TCCAGG	0.0	0.0013386880856760374
TCCAGT	0.0	0.0
TCCATA	0.0	0.0
TCCATC	0.0	0.0
TCCATG	0.0	0.0
TCCATT	0.0	0.0004462293618920125
TCCCAA	0.0	0.000892458723784025
TCCCAC	0.0	0.0004462293618920125
TCCCAG	0.0	0.0013386880856760374
TCCCAT	0.0	0.0
TCCCCA	0.0	0.00178491744756805
TCCCCC	0.0	0.000892458723784025
TCCCCG	0.0	0.0013386880856760374
TCCCCT	0.0	0.0022311468094600626
TCCCGA	0.0	0.0
TCCCGC	0.0	0.0
TCCCGG	0.0	0.0004462293618920125
TCCCGT	0.0	0.0
TCCCTA	0.0	0.0
TCCCTC	0.0	0.000892458723784025
TCCCTG	0.0	0.0
TCCCTT	0.0	0.000892458723784025
TCCGAA	0.0	0.0
TCCGAC	0.0	0.0004462293618920125
TCCGAG	0.0	0.0004462293618920125
TCCGAT	0.0	0.0
TCCGCA	0.0	0.0
TCCGCC	0.0	0.0
TCCGCG	0.0	0.0013386880856760374
TCCGCT	0.0	0.0
TCCGGA	0.0	0.0004462293618920125
TCCGGC	0.0	0.0
TCCGGG	0.0	0.0004462293618920125
TCCGGT	0.0	0.0
TCCGTA	0.0	0.0
TCCGTC	0.0	0.0
TCCGTG	0.0	0.0
TCCGTT	0.0	0.0
TCCTAA	0.0	0.0
TCCTAC	0.0	0.0
TCCTAG	0.0	0.0
TCCTAT	0.0	0.0
TCCTCA	0.0	0.000892458723784025
TCCTCC	0.0	0.0004462293618920125
TCCTCG	0.0	0.0004462293618920125
TCCTCT	0.0	0.0013386880856760374
TCCTGA	0.0	0.000892458723784025
TCCTGC	0.0	0.0004462293618920125
TCCTGG	0.0	0.0013386880856760374
TCCTGT	0.0	0.0004462293618920125
TCCTTA	0.0	0.0
TCCTTC	0.0	0.0
TCCTTG	0.0	0.0
TCCTTT	0.0	0.0004462293618920125
TCGAAA	0.0	0.0
TCGAAC	0.0	0.0
TCGAAG	0.0	0.0
TCGAAT	0.0	0.0
TCGACA	0.0	0.0
TCGACC	0.0	0.0
TCGACG	0.0	0.0
TCGACT	0.0	0.0
TCGAGA	0.0	0.0
TCGAGC	0.0	0.0
TCGAGG	0.0	0.0004462293618920125
TCGAGT	0.0	0.0
TCGATA	0.0	0.0
TCGATC	0.0	0.0
TCGATG	0.0	0.0
TCGATT	0.0	0.0
TCGCAA	0.0	0.0
TCGCAC	0.0	0.0
TCGCAG	0.0	0.000892458723784025
TCGCAT	0.0	0.0
TCGCCA	0.0	0.0
TCGCCC	0.0	0.000892458723784025
TCGCCG	0.0	0.000892458723784025
TCGCCT	0.0	0.0
TCGCGA	0.0	0.0
TCGCGC	0.0	0.0
TCGCGG	0.0	0.0
TCGCGT	0.0	0.0
TCGCTA	0.0	0.0
TCGCTC	0.0	0.0004462293618920125
TCGCTG	0.0	0.0013386880856760374
TCGCTT	0.0	0.0
TCGGAA	0.0	0.0
TCGGAC	0.0	0.0
TCGGAG	0.0	0.000892458723784025
TCGGAT	0.0	0.0
TCGGCA	0.0	0.0
TCGGCC	0.0	0.0
TCGGCG	0.0	0.0013386880856760374
TCGGCT	0.0	0.0004462293618920125
TCGGGA	0.0	0.0
TCGGGC	0.0	0.0
TCGGGG	0.0	0.0
TCGGGT	0.0	0.0004462293618920125
TCGGTA	0.0	0.0
TCGGTC	0.0	0.0
TCGGTG	0.0	0.0
TCGGTT	0.0	0.0
TCGTAA	0.0	0.0
TCGTAC	0.0	0.0
TCGTAG	0.0	0.0
TCGTAT	0.0	0.0
TCGTCA	0.0	0.0
TCGTCC	0.0	0.0
TCGTCG	0.0	0.0
TCGTCT	0.0	0.0
TCGTGA	0.0	0.0
TCGTGC	0.0	0.0
TCGTGG	0.0	0.0
TCGTGT	0.0	0.0
TCGTTA	0.0	0.0
TCGTTC	0.0	0.0
TCGTTG	0.0	0.0
TCGTTT	0.0	0.0
TCTAAA	0.0	0.0
TCTAAC	0.0	0.0004462293618920125
TCTAAG	0.0	0.0
TCTAAT	0.0	0.0
TCTACA	0.038461538461538464	0.0004462293618920125
TCTACC	0.0	0.0
TCTACG	0.0	0.0004462293618920125
TCTACT	0.0	0.0
TCTAGA	0.0	0.0
TCTAGC	0.0	0.0
TCTAGG	0.0	0.0004462293618920125
TCTAGT	0.0	0.0
TCTATA	0.0	0.0
TCTATC	0.0	0.0
TCTATG	0.0	0.0
TCTATT	0.0	0.0
TCTCAA	0.0	0.0
TCTCAC	0.0	0.000892458723784025
TCTCAG	0.0	0.0004462293618920125
TCTCAT	0.0	0.0004462293618920125
TCTCCA	0.0	0.0004462293618920125
TCTCCC	0.0	0.000892458723784025
TCTCCG	0.0	0.000892458723784025
TCTCCT	0.0	0.0
TCTCGA	0.0	0.0004462293618920125
TCTCGC	0.0	0.0004462293618920125
TCTCGG	0.0	0.0004462293618920125
TCTCGT	0.0	0.0
TCTCTA	0.0	0.0
TCTCTC	0.0	0.0004462293618920125
TCTCTG	0.0	0.0004462293618920125
TCTCTT	0.0	0.0
TCTGAA	0.0	0.0
TCTGAC	0.0	0.0
TCTGAG	0.0	0.0
TCTGAT	0.0	0.0
TCTGCA	0.0	0.0
TCTGCC	0.0	0.0004462293618920125
TCTGCG	0.0	0.0
TCTGCT	0.0	0.0013386880856760374
TCTGGA	0.0	0.0
TCTGGC	0.0	0.0004462293618920125
TCTGGG	0.0	0.0004462293618920125
TCTGGT	0.0	0.0
TCTGTA	0.0	0.0
TCTGTC	0.0	0.0
TCTGTG	0.0	0.0004462293618920125
TCTGTT	0.0	0.0
TCTTAA	0.0	0.0
TCTTAC	0.0	0.0
TCTTAG	0.0	0.0
TCTTAT	0.0	0.0
TCTTCA	0.0	0.0
TCTTCC	0.0	0.0004462293618920125
TCTTCG	0.0	0.0
TCTTCT	0.0	0.0004462293618920125
TCTTGA	0.0	0.0
TCTTGC	0.0	0.0004462293618920125
TCTTGG	0.0	0.0
TCTTGT	0.0	0.0
TCTTTA	0.0	0.0
TCTTTC	0.0	0.0004462293618920125
TCTTTG	0.0	0.0
TCTTTT	0.0	0.0
TGAAAA	0.0	0.0
TGAAAC	0.0	0.0
TGAAAG	0.0	0.0
TGAAAT	0.0	0.0
TGAACA	0.0	0.0004462293618920125
TGAACC	0.0	0.0004462293618920125
TGAACG	0.0	0.0
TGAACT	0.0	0.0004462293618920125
TGAAGA	0.0	0.0004462293618920125
TGAAGC	0.0	0.0
TGAAGG	0.0	0.0
TGAAGT	0.0	0.0
TGAATA	0.0	0.0
TGAATC	0.0	0.0
TGAATG	0.0	0.0
TGAATT	0.0	0.0
TGACAA	0.0	0.0
TGACAC	0.0	0.0
TGACAG	0.0	0.0
TGACAT	0.0	0.0
TGACCA	0.0	0.0004462293618920125
TGACCC	0.0	0.0
TGACCG	0.0	0.0
TGACCT	0.0	0.0004462293618920125
TGACGA	0.0	0.0004462293618920125
TGACGC	0.0	0.0
TGACGG	0.0	0.0
TGACGT	0.0	0.0
TGACTA	0.0	0.0
TGACTC	0.0	0.0
TGACTG	0.0	0.0
TGACTT	0.0	0.0
TGAGAA	0.0	0.0
TGAGAC	0.0	0.0
TGAGAG	0.0	0.0013386880856760374
TGAGAT	0.0	0.0
TGAGCA	0.0	0.0004462293618920125
TGAGCC	0.0	0.0022311468094600626
TGAGCG	0.0	0.0013386880856760374
TGAGCT	0.0	0.000892458723784025
TGAGGA	0.0	0.0004462293618920125
TGAGGC	0.0	0.0
TGAGGG	0.0	0.0004462293618920125
TGAGGT	0.0	0.0
TGAGTA	0.0	0.0004462293618920125
TGAGTC	0.0	0.0004462293618920125
TGAGTG	0.0	0.0004462293618920125
TGAGTT	0.0	0.0
TGATAA	0.0	0.0
TGATAC	0.0	0.0
TGATAG	0.0	0.0
TGATAT	0.0	0.0
TGATCA	0.0	0.0
TGATCC	0.0	0.0004462293618920125
TGATCG	0.0	0.0
TGATCT	0.0	0.0
TGATGA	0.0	0.0
TGATGC	0.0	0.000892458723784025
TGATGG	0.0	0.0004462293618920125
TGATGT	0.0	0.0
TGATTA	0.0	0.0
TGATTC	0.0	0.0
TGATTG	0.0	0.0
TGATTT	0.0	0.0
TGCAAA	0.0	0.0
TGCAAC	0.0	0.0
TGCAAG	0.0	0.0
TGCAAT	0.0	0.0
TGCACA	0.0	0.0
TGCACC	0.0	0.0
TGCACG	0.0	0.000892458723784025
TGCACT	0.0	0.0004462293618920125
TGCAGA	0.0	0.000892458723784025
TGCAGC	0.0	0.0004462293618920125
TGCAGG	0.0	0.0022311468094600626
TGCAGT	0.0	0.000892458723784025
TGCATA	0.0	0.0
TGCATC	0.0	0.0004462293618920125
TGCATG	0.0	0.0
TGCATT	0.0	0.0
TGCCAA	0.0	0.0
TGCCAC	0.0	0.000892458723784025
TGCCAG	0.0	0.0004462293618920125
TGCCAT	0.0	0.0
TGCCCA	0.0	0.0
TGCCCC	0.0	0.00178491744756805
TGCCCG	0.0	0.0004462293618920125
TGCCCT	0.0	0.00178491744756805
TGCCGA	0.0	0.0
TGCCGC	0.0	0.0
TGCCGG	0.0	0.0
TGCCGT	0.0	0.000892458723784025
TGCCTA	0.0	0.0
TGCCTC	0.0	0.0004462293618920125
TGCCTG	0.0	0.000892458723784025
TGCCTT	0.0	0.0
TGCGAA	0.0	0.0004462293618920125
TGCGAC	0.0	0.0
TGCGAG	0.0	0.0004462293618920125
TGCGAT	0.0	0.0
TGCGCA	0.0	0.0
TGCGCC	0.0	0.0
TGCGCG	0.0	0.0004462293618920125
TGCGCT	0.0	0.0
TGCGGA	0.0	0.0
TGCGGC	0.0	0.000892458723784025
TGCGGG	0.0	0.000892458723784025
TGCGGT	0.0	0.0
TGCGTA	0.0	0.0
TGCGTC	0.0	0.0
TGCGTG	0.0	0.0
TGCGTT	0.0	0.0
TGCTAA	0.0	0.0
TGCTAC	0.0	0.0
TGCTAG	0.0	0.0
TGCTAT	0.0	0.0
TGCTCA	0.0	0.0
TGCTCC	0.0	0.00178491744756805
TGCTCG	0.0	0.0
TGCTCT	0.0	0.0004462293618920125
TGCTGA	0.0	0.0
TGCTGC	0.0	0.0
TGCTGG	0.0	0.00178491744756805
TGCTGT	0.0	0.0
TGCTTA	0.0	0.0
TGCTTC	0.0	0.0
TGCTTG	0.0	0.0
TGCTTT	0.0	0.0
TGGAAA	0.0	0.0004462293618920125
TGGAAC	0.0	0.0
TGGAAG	0.0	0.0004462293618920125
TGGAAT	0.0	0.0
TGGACA	0.0	0.0004462293618920125
TGGACC	0.0	0.0022311468094600626
TGGACG	0.0	0.0004462293618920125
TGGACT	0.0	0.0
TGGAGA	0.0	0.0
TGGAGC	0.0	0.0013386880856760374
TGGAGG	0.0	0.000892458723784025
TGGAGT	0.0	0.0
TGGATA	0.0	0.0
TGGATC	0.0	0.0004462293618920125
TGGATG	0.0	0.0004462293618920125
TGGATT	0.0	0.0
TGGCAA	0.0	0.0
TGGCAC	0.0	0.0
TGGCAG	0.0	0.0004462293618920125
TGGCAT	0.0	0.0
TGGCCA	0.0	0.000892458723784025
TGGCCC	0.0	0.000892458723784025
TGGCCG	0.0	0.00178491744756805
TGGCCT	0.0	0.000892458723784025
TGGCGA	0.0	0.0
TGGCGC	0.0	0.0004462293618920125
TGGCGG	0.0	0.000892458723784025
TGGCGT	0.0	0.0
TGGCTA	0.0	0.0
TGGCTC	0.0	0.0
TGGCTG	0.0	0.0013386880856760374
TGGCTT	0.0	0.0004462293618920125
TGGGAA	0.0	0.0
TGGGAC	0.0	0.0
TGGGAG	0.0	0.0
TGGGAT	0.0	0.0
TGGGCA	0.0	0.00178491744756805
TGGGCC	0.0	0.0013386880856760374
TGGGCG	0.0	0.0004462293618920125
TGGGCT	0.0	0.0
TGGGGA	0.0	0.0004462293618920125
TGGGGC	0.0	0.0
TGGGGG	0.0	0.0013386880856760374
TGGGGT	0.0	0.0013386880856760374
TGGGTA	0.0	0.0
TGGGTC	0.0	0.0
TGGGTG	0.0	0.0013386880856760374
TGGGTT	0.0	0.000892458723784025
TGGTAA	0.0	0.0004462293618920125
TGGTAC	0.0	0.0
TGGTAG	0.0	0.0
TGGTAT	0.0	0.0
TGGTCA	0.0	0.0004462293618920125
TGGTCC	0.0	0.0004462293618920125
TGGTCG	0.0	0.0
TGGTCT	0.0	0.0004462293618920125
TGGTGA	0.0	0.0
TGGTGC	0.0	0.0004462293618920125
TGGTGG	0.0	0.000892458723784025
TGGTGT	0.0	0.0
TGGTTA	0.0	0.0
TGGTTC	0.0	0.0
TGGTTG	0.0	0.0
TGGTTT	0.0	0.0004462293618920125
TGTAAA	0.0	0.0
TGTAAC	0.0	0.0
TGTAAG	0.0	0.0
TGTAAT	0.0	0.0
TGTACA	0.0	0.0
TGTACC	0.0	0.0
TGTACG	0.0	0.0
TGTACT	0.0	0.0
TGTAGA	0.0	0.0
TGTAGC	0.0	0.0
TGTAGG	0.0	0.0004462293618920125
TGTAGT	0.0	0.0
TGTATA	0.0	0.0
TGTATC	0.0	0.0004462293618920125
TGTATG	0.0	0.0
TGTATT	0.0	0.0
TGTCAA	0.0	0.0
TGTCAC	0.0	0.0
TGTCAG	0.0	0.0
TGTCAT	0.0	0.0
TGTCCA	0.0	0.0004462293618920125
TGTCCC	0.0	0.0004462293618920125
TGTCCG	0.0	0.000892458723784025
TGTCCT	0.0	0.0
TGTCGA	0.0	0.0
TGTCGC	0.0	0.0004462293618920125
TGTCGG	0.0	0.0004462293618920125
TGTCGT	0.0	0.0
TGTCTA	0.0	0.0
TGTCTC	0.0	0.0004462293618920125
TGTCTG	0.0	0.0004462293618920125
TGTCTT	0.0	0.0
TGTGAA	0.0	0.0
TGTGAC	0.0	0.0004462293618920125
TGTGAG	0.0	0.0004462293618920125
TGTGAT	0.0	0.0
TGTGCA	0.0	0.0
TGTGCC	0.0	0.0
TGTGCG	0.0	0.0
TGTGCT	0.0	0.0
TGTGGA	0.0	0.0004462293618920125
TGTGGC	0.0	0.0
TGTGGG	0.0	0.0013386880856760374
TGTGGT	0.0	0.0004462293618920125
TGTGTA	0.0	0.0004462293618920125
TGTGTC	0.0	0.0004462293618920125
TGTGTG	0.0	0.0004462293618920125
TGTGTT	0.0	0.0004462293618920125
TGTTAA	0.0	0.0
TGTTAC	0.0	0.0
TGTTAG	0.0	0.0
TGTTAT	0.0	0.0
TGTTCA	0.0	0.0
TGTTCC	0.0	0.0
TGTTCG	0.0	0.0
TGTTCT	0.0	0.0
TGTTGA	0.0	0.0
TGTTGC	0.0	0.0004462293618920125
TGTTGG	0.0	0.0
TGTTGT	0.0	0.0
TGTTTA	0.0	0.0
TGTTTC	0.0	0.0
TGTTTG	0.0	0.0004462293618920125
TGTTTT	0.0	0.0004462293618920125
TTAAAA	0.0	0.0
TTAAAC	0.0	0.0
TTAAAG	0.0	0.0
TTAAAT	0.0	0.0
TTAACA	0.0	0.0
TTAACC	0.0	0.0
TTAACG	0.0	0.0
TTAACT	0.0	0.0
TTAAGA	0.0	0.0
TTAAGC	0.0	0.0
TTAAGG	0.0	0.0
TTAAGT	0.0	0.0
TTAATA	0.0	0.0
TTAATC	0.0	0.0
TTAATG	0.0	0.0
TTAATT	0.0	0.0
TTACAA	0.0	0.0
TTACAC	0.0	0.0
TTACAG	0.0	0.0
TTACAT	0.0	0.0
TTACCA	0.0	0.0
TTACCC	0.0	0.0
TTACCG	0.0	0.0
TTACCT	0.0	0.0
TTACGA	0.0	0.0
TTACGC	0.0	0.0
TTACGG	0.0	0.0
TTACGT	0.0	0.0
TTACTA	0.0	0.0
TTACTC	0.0	0.0
TTACTG	0.0	0.0
TTACTT	0.0	0.0
TTAGAA	0.0	0.0
TTAGAC	0.0	0.0
TTAGAG	0.0	0.0
TTAGAT	0.038461538461538464	0.0
TTAGCA	0.0	0.0
TTAGCC	0.0	0.0
TTAGCG	0.0	0.0
TTAGCT	0.0	0.0
TTAGGA	0.0	0.0
TTAGGC	0.0	0.0
TTAGGG	0.0	0.0
TTAGGT	0.0	0.0
TTAGTA	0.0	0.0004462293618920125
TTAGTC	0.0	0.0
TTAGTG	0.0	0.0
TTAGTT	0.0	0.0
TTATAA	0.0	0.0
TTATAC	0.0	0.0
TTATAG	0.0	0.0
TTATAT	0.0	0.0
TTATCA	0.0	0.0
TTATCC	0.0	0.0
TTATCG	0.0	0.0
TTATCT	0.0	0.0004462293618920125
TTATGA	0.0	0.0
TTATGC	0.0	0.0
TTATGG	0.0	0.0
TTATGT	0.0	0.0
TTATTA	0.0	0.0
TTATTC	0.0	0.0
TTATTG	0.0	0.0
TTATTT	0.0	0.0
TTCAAA	0.0	0.0
TTCAAC	0.0	0.0
TTCAAG	0.0	0.0
TTCAAT	0.0	0.0
TTCACA	0.0	0.0
TTCACC	0.0	0.0
TTCACG	0.0	0.0
TTCACT	0.0	0.0
TTCAGA	0.0	0.0004462293618920125
TTCAGC	0.0	0.0004462293618920125
TTCAGG	0.0	0.0004462293618920125
TTCAGT	0.0	0.0
TTCATA	0.0	0.0
TTCATC	0.0	0.0
TTCATG	0.0	0.0
TTCATT	0.0	0.0
TTCCAA	0.0	0.0
TTCCAC	0.0	0.0
TTCCAG	0.0	0.000892458723784025
TTCCAT	0.0	0.0
TTCCCA	0.0	0.0
TTCCCC	0.0	0.0022311468094600626
TTCCCG	0.0	0.0
TTCCCT	0.0	0.0
TTCCGA	0.0	0.0004462293618920125
TTCCGC	0.0	0.0
TTCCGG	0.0	0.0
TTCCGT	0.0	0.0
TTCCTA	0.0	0.0
TTCCTC	0.0	0.000892458723784025
TTCCTG	0.0	0.0013386880856760374
TTCCTT	0.0	0.0004462293618920125
TTCGAA	0.0	0.0
TTCGAC	0.0	0.0
TTCGAG	0.0	0.0
TTCGAT	0.0	0.0
TTCGCA	0.0	0.0
TTCGCC	0.0	0.0
TTCGCG	0.0	0.0
TTCGCT	0.0	0.0
TTCGGA	0.0	0.0
TTCGGC	0.0	0.0
TTCGGG	0.0	0.0
TTCGGT	0.0	0.0
TTCGTA	0.0	0.0
TTCGTC	0.0	0.0
TTCGTG	0.0	0.0
TTCGTT	0.0	0.0
TTCTAA	0.0	0.0
TTCTAC	0.0	0.0004462293618920125
TTCTAG	0.0	0.0
TTCTAT	0.0	0.0
TTCTCA	0.0	0.0004462293618920125
TTCTCC	0.0	0.0004462293618920125
TTCTCG	0.0	0.0
TTCTCT	0.0	0.0
TTCTGA	0.0	0.0
TTCTGC	0.0	0.0004462293618920125
TTCTGG	0.0	0.0
TTCTGT	0.0	0.0
TTCTTA	0.0	0.0
TTCTTC	0.0	0.0
TTCTTG	0.0	0.0004462293618920125
TTCTTT	0.0	0.0004462293618920125
TTGAAA	0.0	0.0
TTGAAC	0.0	0.0
TTGAAG	0.0	0.0
TTGAAT	0.0	0.0
TTGACA	0.0	0.0
TTGACC	0.0	0.0
TTGACG	0.0	0.0
TTGACT	0.0	0.0
TTGAGA	0.0	0.0
TTGAGC	0.0	0.000892458723784025
TTGAGG	0.0	0.0
TTGAGT	0.0	0.0004462293618920125
TTGATA	0.0	0.0
TTGATC	0.0	0.0
TTGATG	0.0	0.0
TTGATT	0.0	0.0
TTGCAA	0.0	0.0
TTGCAC	0.0	0.0004462293618920125
TTGCAG	0.0	0.0022311468094600626
TTGCAT	0.0	0.0004462293618920125
TTGCCA	0.0	0.0
TTGCCC	0.0	0.0013386880856760374
TTGCCG	0.0	0.0004462293618920125
TTGCCT	0.0	0.0
TTGCGA	0.0	0.0
TTGCGC	0.0	0.0
TTGCGG	0.0	0.0
TTGCGT	0.0	0.0
TTGCTA	0.0	0.0
TTGCTC	0.0	0.0
TTGCTG	0.0	0.0
TTGCTT	0.0	0.0
TTGGAA	0.0	0.0
TTGGAC	0.0	0.0
TTGGAG	0.0	0.0
TTGGAT	0.0	0.0004462293618920125
TTGGCA	0.0	0.0
TTGGCC	0.0	0.0004462293618920125
TTGGCG	0.0	0.0
TTGGCT	0.0	0.000892458723784025
TTGGGA	0.0	0.0
TTGGGC	0.0	0.0
TTGGGG	0.0	0.0
TTGGGT	0.0	0.0
TTGGTA	0.0	0.0
TTGGTC	0.0	0.0
TTGGTG	0.0	0.0
TTGGTT	0.0	0.0
TTGTAA	0.0	0.0
TTGTAC	0.0	0.0
TTGTAG	0.0	0.0
TTGTAT	0.0	0.0
TTGTCA	0.0	0.0
TTGTCC	0.0	0.0
TTGTCG	0.0	0.0
TTGTCT	0.0	0.0
TTGTGA	0.0	0.0
TTGTGC	0.0	0.0
TTGTGG	0.0	0.0004462293618920125
TTGTGT	0.0	0.000892458723784025
TTGTTA	0.0	0.0
TTGTTC	0.0	0.0
TTGTTG	0.0	0.0004462293618920125
TTGTTT	0.0	0.0
TTTAAA	0.0	0.0
TTTAAC	0.0	0.0
TTTAAG	0.0	0.0
TTTAAT	0.0	0.0
TTTACA	0.0	0.0
TTTACC	0.0	0.0
TTTACG	0.0	0.0
TTTACT	0.0	0.0
TTTAGA	0.0	0.0
TTTAGC	0.0	0.0
TTTAGG	0.0	0.0
TTTAGT	0.0	0.0004462293618920125
TTTATA	0.0	0.0
TTTATC	0.0	0.0
TTTATG	0.0	0.0
TTTATT	0.0	0.0
TTTCAA	0.0	0.0
TTTCAC	0.0	0.0
TTTCAG	0.0	0.0004462293618920125
TTTCAT	0.0	0.0
TTTCCA	0.0	0.0
TTTCCC	0.0	0.0004462293618920125
TTTCCG	0.0	0.0004462293618920125
TTTCCT	0.0	0.000892458723784025
TTTCGA	0.0	0.0
TTTCGC	0.0	0.0
TTTCGG	0.0	0.0
TTTCGT	0.0	0.0
TTTCTA	0.0	0.0
TTTCTC	0.0	0.0
TTTCTG	0.0	0.0
TTTCTT	0.0	0.0
TTTGAA	0.0	0.0
TTTGAC	0.0	0.0
TTTGAG	0.0	0.0004462293618920125
TTTGAT	0.0	0.0
TTTGCA	0.0	0.00178491744756805
TTTGCC	0.0	0.0004462293618920125
TTTGCG	0.0	0.0
TTTGCT	0.0	0.0
TTTGGA	0.0	0.0
TTTGGC	0.0	0.0004462293618920125
TTTGGG	0.0	0.0
TTTGGT	0.0	0.0
TTTGTA	0.0	0.0
TTTGTC	0.0	0.0
TTTGTG	0.0	0.000892458723784025
TTTGTT	0.0	0.0
TTTTAA	0.0	0.0
TTTTAC	0.0	0.0
TTTTAG	0.0	0.0004462293618920125
TTTTAT	0.038461538461538464	0.0
TTTTCA	0.0	0.0
TTTTCC	0.0	0.0
TTTTCG	0.0	0.0
TTTTCT	0.0	0.0
TTTTGA	0.0	0.0
TTTTGC	0.0	0.0004462293618920125
TTTTGG	0.0	0.0
TTTTGT	0.0	0.0004462293618920125
TTTTTA	0.0	0.0004462293618920125
TTTTTC	0.0	0.0
TTTTTG	0.0	0.0004462293618920125
TTTTTT	0.0	0.0
